sentence_id	text
00592f93f79e15a3889a0853b3d0d98f6cab97fab8d0c8faf51d16e29b5a452c	دکتر جزایری در ادامه این نامه ضمن اعلام آمادگی دفتر منطق مدیترانه شرقی سازمان بهداشت برای بررسی ادغام سیستم آموزش پزشکی در وزارت بهداشت خاطرنشان ساخته است یک ارزیابی دقیق می تواند به جمهوری اسلامی ایران اجازه دهد تا اختیارات مزایا و معایب سیستم کنونی را بررسی کرده و احتمالا خود را بهبود بخشد
03cdd0df5106437489340250237e6235bca7fb93f1371dc2012192e198440f2d	دکتر فرید حسینی افزود درباره ادغام مجدد آموزش پزشکی باید کار کارشناسی صورت گیرد و یک طرح کامل و جامعی طراحی شود که دانشگاه های پزشکی استقلال پیدا کنند حالا چه زیر نظر وزارت بهداشت یا وزارت علوم البته اگر دانشگاه ها زیر نظر وزارت علوم باشند پرستیژ جهانی اش بیشتر و بالاتر است
042f4f3252eaaba89ac3b84606d033cd48155f94e5c9a6447a69f6c2d33a2025	عضو هیات علمی دانشگاه پیام نور مشهد در رابطه با فرار مغزها گفت فرار مغزها علل مختلفی دارد یک سری از دانش آموختگان در سنین جوانی صاحب موقعیت علمی می شوند و چون ایران را مناسب برای پیشرفت خود نمی بینند تصمیم می گیرند برای ارتقای سطح علمی به کشورهای دیگر بروند و ما نمی توانیم مانع آنها شویم و باید تشویق هم شوند چون دانش یک امر کاملا جهانی و گسترده است و باید با یک دید جهانی به آن نگاه شود و باید ارگان ها سازمان ها و وزارتخانه در آینده برای خود یک محیطی را فراهم کند که فرد ترغیب به آمدن شود
044af1dd1400b362dcd6af9cf479fc4add593a111297992537c64b17e326189f	همچنین فارغ التحصیلان دوره کاردانی پودمانی نظیر فارغ التحصیلان کاردانی پیوسته و ناپیوسته به توجه به شرایط مربوط می توانند ادامه تحصیل دهند
07edae686a3ab83efdb277f69ea0c90ebdfd27304da765fb7d2bc5bc1f3bfeba	به گفت دکتر انریکو تا چند سال آینده افرادی که از علوم رایانه ای بی بهره هستند بشدت در بحران کمبود اطلاعات قرار خواهند گرفت
081a77ba85a8cd2e17efc285dbc4c4b63c3e228fb12641f7ee490c24e03da721	در ادامه این سمینار قلی زاده رییس دانشگاه پیام نور ارومیه با ارایه گزارشی از وضعیت دانشگاه پیام نور ارومیه گفت این دانشگاه با هزار دانشجو در رشته تحصیلی در حال فعالیت است که در آینده ای نزدیک تعداد رشته ها به رشته و تعداد دانشجویان به دانشجو افزایش خواهند یافت
09eeca70ab6cd7a8a26b812d66d8c293782836ca74daea0063f12bfe7698ec6a	آموزشی دکتر سنگتراش در گفت وگو با خبرنگار آموزشی ایسنا در زاهدان گفت تنها رشته هایی متناسب با شرایط استان و رشته های خاص در این دانشگاه افزایش می یابد همچنین به دنبال گسترش رشته های کارشناسی ارشد و دکترا در سطح دانشگاه نیز می باشیم
0dde606b761eaafde6c49f065a7ac3255850edf8241398ff5d052d1bb0d9793d	گفتنی است داوطلبان لازم است در روز مصاحبه مدارک مربوط به فعالیت های پژوهشی و آموزشی و کارهای اجرایی خود را همراه داشته باشند
0df321d1a4425be8d4252bee049f3747013d47051c275dea9cd75033b6bab418	دکتر لطف الهی در پایان به رشته های مورد نظر در ترم آتی اشاره کرد و اظهار داشت در ترم آتی رشته شهر سازی در دانشکده فنی ایجاد خواهد شد که فارغ التحصیلان این رشته با توجه به نیاز جامعه به این گرایش نگرانی اشتغال نخواهد داشت
0e00c334eb22f301ff679b822ba97ed565bb5c5f6cdb71945bd3cd330a2cf032	دکتر صدیقی گیلانی ادامه داد در صورت الحاق آموزش پزشکی باید به وزارت علوم مشکلات اجرایی آن نباید مانع اجرای این تصمیم شود به شرط آن که این تصمیم پس از مطالعات کارشناسی اخذ شده باشد نه به صورت عجولانه فعلی معاون آموزشی دانشگاه علوم پزشکی تهران در پایان به انتقاد از کسانی پرداخت که در گذشته سرمدار الحاق بوده و امروز سرمدار انتزاع آموزش پزشکی از وزارت بهداشت هستند و تاکید کرد کسانی که سیاست های کلان مملکت را طراحی می کنند باید از آینده نگری برخودار باشند تا موجب هدر رفتن سرمایه های کشور نشوند
0f33047b4c23c0d4f212aa262b58fa31558d6989d79e0320fdda8576b57cb44a	دکتر فریدحسینی تصریح کرد با جذب اساتید پزشکی به دانشگاه های آموزشی کمبود پزشک ایجاد نمی شود و همچنین از بیمارستان های بهداری هم برای امر آموزشی می توان کمک گرفت یعنی قسمت آموزشی آن زیر نظر دانشکده پزشکی و قسمت های دیگر بیمارستان زیر نظر تامین اجتماعی باشد
0f8026f54ae2305ec0c7239635b02693b4639f86bb8cf93f39762228a7b556ee	وی همچنین افزود این مصوبه بدان معناست که سال دیگر مردم را معطل کنیم جداسازی بیمارستان ها هیات امنا ساختمان ها تعطیلی دانشگاه ها صرف نظر از هزینه های گزاف مالی دارای عوارض فراوان سیاسی اجتماعی نیز می باشد
0fa7122f61a4671f9810a79ef738a96679a90d7f5fc85eba3f6cd20da8e66dd5	وزیر اسبق بهداشت با ابراز نگرانی از درهم ریختگی هایی که این مصوبه در کشور ایجاد می کند خاطرنشان ساخت که با این طرح دیگر نه وزیر علوم می گوید من مسئول سلامت مردم هستم و نه وزیر بهداشت امکاناتی برای جوابگویی به سلامت مردم در اختیار دارد این تصمیم مسوولیت درمان را مخدوش و سلامت مردم را به مخاطره می اندازد
10e2bd79996cb79c90e2cd3468be43d56935e8cca527d00e15eb50e2fe55bd89	آموزشی به گزارش سرویس آموزشی ایسنا بدلیل کاهش سطح کیفی آموزشی در مدرسه آمریکایی که درصد از آنها مدارس دولتی هستند اکثر دانش آموزان مدارس خود را تغییر می دهند
114b139791d226c435d7a1723c2593852ee1eb41c701f9037809d7f7bb8e371d	وی با اشاره به توسعه دانشکده های علوم پزشکی در سطح وسیع در پاسخ به خبرنگار ایسنا در مورد اینکه آیا این میزان توسعه مورد نیاز کشور بوده است یا خیر گفت توسعه با این شدت مورد نظر ما نبوده است و نمایندگان مجلس برحسب احساس نیاز در برخی از مناطق کشور برای تربیت پزشکی بومی خواهان ایجاد دانشکده های پزشکی بودند
14f0e3f24f89c922dc3b1fae2b7c6a4cfe0899667ec51e3bf062da8ae2aa4d94	بی
16fd6f7eaeb30a434981bc693f5d1e118c49f9a1a50d33d9492251bc599ef10a	دکتر فروتن افزود سنجش کیفیت آموزشی یک رشته کاملا تخصصی است و هر کسی صلاحیت وارد شدن در این بحث را ندارد
17367672ea2451bb7f6081e51ee33a747cf52af39c024ca585dc876e905a0c33	چرا که گسترش و توسعه بخش های جناحی عزل و نصب های جناحی در دانشگاه ها و حتی سیاسی نمودن امور پژوهشی می تواند عوامل بازدارنده ای در امر پژوهش باشد
1786bbd2de5439f2ffd9f6dda0e2ffe755ca6cb2f4b495de9ca2eb352a83d713	اما پژوهش در زمینه صنعتی با مشکل اساسی مواجه می باشد و دلیل آن نیز عدم تکمیل حلقه های پژوهشی و تشخیص هدف ها می باشد
17b7cabd4103bbe4d56134428918283b1b891f10e8dd4b5f4abdec8d5385dea0	عضو کمیسیون بهداشت و درمان مجلس شورای اسلامی اظهارداشت سیستمی که اعضای هیات علمی آن نمی توانند رییس برای خود انتخاب کنند و رییس آن درصورت اختلاف با یک سطر نامه برکنار می شود را نمی توان دانشگاه گفت
1824e4ae10173ce4249863be16728d119439e46f07aa71733e8431fb926948d3	پذیرفته شدگان این آزمون پس از موفقیت در مرحله مصاحبه در گرایشات دفاع ملی ویژه فرماندهان نظامی و مدیریت استراتژیک دوره های دکترای علوم دفاعی استراتژیک وارد دانشگاه خواهند شد
185487c6b3e4571dff19c9602502f318afaebae7e5e30b9334baed23ebfe119a	لذا با وجود اینکه براساس آمارهای دریافتی مهارت و توانایی دختران در یادگیری زبان های خارجی بیشتر از پسران است اما ضعف سیستم آموزشی آنها را در یادگیری علوم فنی دچار مشکل کرده است
193870c5b66c068af86df16440a6d1261555ccb4c09c77beab5ff28755c18242	آموزشی دکتر محمد علی لطف الهی یقین در گفت و گو با خبرنگار آموزشی ایسنا در ارومیه افزود تا دو سال قبل بیش از نیمی از اساتید دانشگاه مربی بودند و طی این مدت با اعزام به خارج اعضای هیات علمی یا اعطای بورس تحصیلی توانایی علمی دانشگاه به بیش از برابر افزایش یافته است
1a0c32abd4828bf59d963fb989cbf3a79ab932f424e33d3516df19f8d72cad0a	پیرموذن ادامه داد که اگر مخالفان طرح فکر می کنند که وضعیت فعلی بهترین وضع آموزش است ما حرفی نداریم ولی چرا بین آن چیزی که در کشور ما اتفاق افتاده و آن چیزی که در دنیا اتفاق می افتد تفاوت بسیاری وجود دارد
1a7c53976cecda9ae4774ce218c9b25b917fb7063941b7b4770b7c67613b4f9e	سی طی دو سال گذشته این تغییرات اصلاحی در زمینه دروس زبان انگلیسی و ریاضیات برای محصلان دوره راهنمایی و در زمینه دروس علوم طبیعی در سال های بالاتر صورت گرفت
1ae362945256fd4e7cc77b67e9ffa640da3a92702cb435a109b57f81f6b9cf2d	وی ادامه داد که براساس این طرح جدید داوطلبانی که در مرحله اول آزمون کارشناسی ارشد پذیرفته شده اند برای انجام مصاحبه و آزمون تشریحی که دانشگاه برگزار می کند به این مرکز مراجعه می کنند و در نهایت دانشگاه براساس ظرفیت موجود تعدادی دانشجو را می پذیرد
1ae517336c32d44ffdb48802d4589533704eaa584455855a45195d4a203fa2f8	او گفت واقعیت امر این است که با در نظر گرفن خلاقیت تئوری محض نیز می تواند سیستم مفیدی باشد ولی متاسفانه بر اساس عادت قبلی دانشجویان به جزوه خوانی و جزوه نویسی و در یک کلام محفوظات بیشتر گرایش دارند
1b4b586ddaeb056ac0e49e8421896f9e58ea017f9aca8585d3a12e65583ec960	وی دربار این برنامه ها گفت دانشگاه علمی کاربردی در جهت رشد سامان دهی آموزش در نظر دارد طرح با همکاری استادان کشورهای افریقای جنوبی و ایرلند جنوبی در ایران اجرا نماید
1b51fc0bbd39109da029f606148a8beeb87935d5b3783ac9b5bdf65008d4035d	دکتر تقدیری در بیان اولویت های لازم در رسیدن به اهداف علمی پژوهشی کشور گفت اساتید دانشگاه نباید علاقه ای به انجام کار خصوصی داشته باشند تمام توان آنها باید در خدمت به دانشگاه باشد و فاصله بین بخش دانشگاهی و بخش خصوصی کاملا مرتفع گردد و در این راستا کمک به طرح های پژوهشی و افزایش واقعی بودجه پژوهشی در علوم پزشکی لازم است
1be1bea3bdd107cc5a2597323bd7667983301704b2db252cb1a89c5b7ced28db	در اکثر موارد آموزگاران متخصص در این زمینه در مدارس پسرانه مشغول به تدریس هستند
1fc10335c006f8306b32cf694bba3f0e3266088cf817d009e26f2b028befda7d	معاون آموزشی دانشگاه سیستان و بلوچستان در بخش دیگری از سخنان خود درباره وضعیت داوطلبان این استان در کنکور گفت در آزمون سراسری امسال از سراسر استان سیستان و بلوچستان هزار و نفر شرکت کرده بودند که از این تعداد از زاهدان نفر از ایرانشهر نفر از چابهار نفر از خاش نفر از زابل نفر از سراوان و نفر از نیک شهر بودند
209812d6feb499c3360ca3da7871d927ef0900334e1a2d5b3d7d8be1a24f8141	دکتر علوی در پایان درباره برنامه های وزارتخانه های علوم و آموزش و پرورش در راستای تربیت دانش آموز یا دانشجوی پژوهشگر گفت برنامه های وزارت علوم یک سری برنامه های تدوین شده برای پژوهش است اما این برنامه ها بستگی به روح و فضای جامعه دارد که چگونه امکان پژوهش و حمایت از پژوهشگران را فراهم می کند پژوهش کار بسیار زیبا و دلپسندی است ولی پذیرش موانع و پژوهشگر و سال های تلخ نیازمندی صبوری است و باید جامعه پذیرش اینها را داشته باشد
20fe671f7fdef4856eb4e4f562ecc7b4b2771bd0c5dc3853c895ff850b40a0ef	عضو هیات علمی دانشگاه علوم پزشکی تهران در ادامه با بیان این مطلب که کیفیت آموزش پزشکی به هیچ وجه پایین تر از کیفیت آموزش در رشته های غیرپزشکی نیست به بیان برتری های نظام آموزش پزشکی کشور پرداخت و گفت مرکز مطالعه و توسعه آموزش پزشکی وزارت بهداشت به بررسی و تحقیق مداوم در زمینه آموزش می پردازد همچنین فارغ التحصیلان گروه پزشکی توسط سیستمی بنام آموزش پزشکی مداوم مورد ارزیابی و بازآموزی مداوم قرار می گیرند که این دو سیستم به هیچ وجه در نظام آموزش عالی ما وجود ندارد
22487536d536dc9f1e5759534367569352d40e75ce91925a2c507571a4454c9b	آموزشی به گزارش خبرنگار آموزشی ایسنا در همدان دکتر منصوریان غلامی رییس دانشگاه بوعلی سینای همدان با اعلام این مطلب گفت این تصمیم در جلسه اخیری که به همراه استاندار با دکتر معین داشتیم اتخاذ گردید که در این راستا باید برنامه ساله دانشگاه را نیز بازنگری نماییم
226fc5d13376767b9e8e384e4ce11c0dc36a73e84e3ff96999c907ac455b289f	شایان ذکر است در مرحله دوم المپیاد رشته ریاضی از بین کشورهای روسیه مالزی چین قزاستان قرقیزستان تاجیکستان آذربایجان کرواسی تیم هایی حضور خواهند داشت
24241a0c8455c7405f89824ff6f436115cf7b9cead65de7f0f84f6e8f7c14a4b	دکتر بهرامی تصریح کرد با این کار آموزش پزشکی دچار پس رفت می شود من به عنوان رئیس دانشگاه علوم پزشکی می فهمم انترن چه می گوید و برای درک مشکلات آنها گیرایی دارم به علت اینکه خودم آنجا کار کرده ام ما با همه کار داریم چون یک سیستم پیوسته است وزارت علوم این احساس مسئولیت و تخصص را ندارد و معتقدم دانشجویان رشته پزشکی درک بیشتری دارند و مشکلات را بهتر می فهمند دلسوزی بیشتری دارند و این تاثیر کار کردن با مردم است که باعث تقویت احساسات و عواطف می شود و محیط علمی صرف و خشک نیست
24a41549568a6feee12dc0d2c1444e74f727882c1cf11fbacb8db575740788b3	معاون تحصیلات تکمیلی دانشگاه شیراز گفت آزمون و مصاحبه رشته اقتصاد کشاورزی روز یکشنبه تیر ماه و آزمون رشته مکانیک هوا و فضا روز دوشنبه تیرماه برگزار می شود لذا داوطلبانی که دانشگاه شیراز را برای ادامه تحصیل در مقطع کارشناسی ارشد این رشته ها برگزیده اند در روزهای اعلام شده برای انجام مصاحبه و آزمون تشریحی قبل از ساعت به این دانشگاه مراجعه کنند
24dea198dcfe8b25b5cdc8a16e55b3b8d0b37675fac144bd8aafe494016a9fa2	وی تصریح کرد که چرا به جای بحث بر سر استقلال دانشگاه ها بحث را به سمت الحاق آموزش پزشکی به وزارت علوم منحرف می کنیم
24eb55d29b22842bbd3a1221bb41a033f1145d65dd298c7d52289de5e56e47fb	گفتنی است دومین جلس آزمون ورودی دور یازدهم دکترای علوم دفاعی استراتژیک صبح فردا نیز در این دانشگاه برگزار می شود
2a2e9e8b24bf6bf25da5ebfc13edec6712b2084a6f08d8e36fa0f5fb53550acc	ادغام آموزشی پزشکی با وزارت علوم با کارکارشناسی و در راستای استقلال دانشگاه ها ممکن است در ارتقای دانشگاه ها موثر باشد در غیر این صورت ره به جایی نخواهیم برد
2a339e4b125153cea9a64d11074ab66d8c8ff5fc9f5b305b280f3040c14e53f5	آموزشی سید وحید موسوی پناه عضو شورای مرکزی انجمن اسلامی دانشجویان دانشکده پزشکی دانشگاه علوم پزشکی تهران در گفت وگو با خبرنگار آموزشی ایسنا ضمن اشاره به تحول ایجاد شده در بخش آموزش پزشکی در دنیا و فراگیر شدن ترکیب آموزش علوم پایه و بالینی در جهان گفت متاسفانه در کشور ما به علت نبود استراتژی مشخص آموزشی و پژوهشی حتی در بهره گیری از یافته های علمی روز پزشکی مشکل داریم چه برسد به پیشگامی در تحقیقات و نوآوری های درمانی
2a3e720e5752458937f45707480efc637b991918b38f5e02862a61ed60ba4b38	داوطلبان می توانند در این دو روز با دردست داشتن اصل شناسنامه یا کارت شناسائی معتبر و اصل رسید تحویل مدارک ارسالی به واحد تحصیلات تکمیلی دانشگاه پیام نور مرکز تهران واقع در خیابان پاسداران شمالی سه راه اقدسیه انتهای تنگستان چهارم ساختمان شماره مراجعه نمایند
2aea4787e847bc31183293908e19befbb50d13729d1aec4e4c58d36961694197	این دانشجوی دانشکده پزشکی دانشگاه علوم پزشکی تهران با اشاره به طرح ادغام آموزش پزشکی با وزارت علوم اظهار داشت که توجه اخیر نمایندگان مجلس به این مهم قابل تقدیر است اما اصلاحات در هر بخشی نیازمند کارشناسی و تضارب آرا است در این راستا انجمن اسلامی دانشجویان دانشکده پزشکی دانشگاه علوم پزشکی تهران با همکاری شورای صنفی مرکزی این دانشگاه امروز در میزگردی با حضور وزرای وزاتخانه های بهداشت و علوم رییس سازمان نظام پزشکی و نمایندگان مجلس شورای اسلامی به نقد و بررسی طرح انتزاع آموزش پزشکی از وزارت بهداشت درمان و آموزش پزشکی می پردازد
2c00bdb9f9ddb4d2484a188606bba1f9cc39adb5c907054577f3bf9927c7e5f4	معاون آموزشی و پژوهشی دانشگاه عالی دفاع ملی در پایان با اشاره به اینکه در حال حاضر تنها دو گرایش مدیریت استراتژیک و دفاع ملی در مقطع دکترای این دانشگاه تدریس می شود گفت در راستای توسع دور دکترای علوم دفاعی استراتژیک گرایش امنیت ملی در آینده در این دانشگاه راه اندازی خواهد شد
2e29f1cf8b1b986dda9a17b6a919c9c4ae5e79117ac5385bae9802c3f8b12165	وی با بیان این که اعضای هیات علمی این دانشگاه نفر است که نفر آنها دکتر می باشند گفت اکنون نسبت استاد به دانشجو به می باشد یعنی به ازای هر دانشجو یک استاد می باشد
2e4a767c83927c3e439f7b53b9e204cc4c4cd09ee6db1d5deb8eb4ffbdff328b	نظریان خاطرنشان ساخت که این طرح در رشته های مدیریت هتل و تشریفات و تکنولوژی نوین اطلاعات و ارتباطات به اجرا در خواهد آمد
2ea1b645f8157636c85931d948eba0954a912c58bf37cddbee25d9f3d9cf17f2	نوری ادامه داد که من معتقد نیستم که وزارت علوم تحقیقات و فناوری مدین فاضله ای باشد که با پیوستن آموزش پزشکی به آن مشکلات حل شود آنها هم مشکلات ما را شاید در حد وسیع تری دارند
2f90b83f5455de7a5ab05b8f287110a1314ee33cb687418bfdccd2f9ee386c77	این استاد دانشگاه ادامه داد که امروز شیوه های پژوهشی آموزش و تعلیم و تربیت گذشتگان را نمی توانیم به عنوان یک شیوه فعال و آموزنده که دارای بازدهی عمیقی باشد ارزیابی کنیم
3155c0ca75237d8828d6d682f0994e5eda677af4374a19984a078f6c43377a02	آموزشی به گزارش خبرنگار آموزشی ایسنا دکتر علمداری در ادامه سخنان خود با اشاره به مشکلات دانشجویان پزشکی گفت این مشکلات با ادغام در وزارت علوم حل نمی شود اگر سال پیش کار عجولانه و بدون کارشناسی انجام دادیم امروز به اشتباهمان پی برده ایم و نباید عجولانه دست به اقدام بزنیم
3167437b50b3c5a6fb6d64ad8616c55a11fa19a0cfcedcadaee492c9cf9f0fe8	نوری اظهار داشت باید دانشگاه های مادر طی یک فرایند کنترل شده استقلال پیدا کنند و سازمان های بهداشت منطقه ای هم از این دانشگاه ها جدا شوند زیرا دانشگاه نمی تواند در یک زمان وظیفه آموزش درمان و نظارت بر بهداشت را به عهده داشته باشد
31bed2df2290d07689619416b601410d4e4b7294dae9e056c6af86fa9cb2775e	دکتر غلامی خاطرنشان ساخت کیفیت تحصیلی دانشجویان افزایش یافته است و در طول چهار سال گذشته نمره به میانگین معدل آنها اضافه شده است
323078ec9a84586369dec5afeebda37a3de7eaffc1d20744eb47f613414aa602	این دانشجوی دکترای آموزش زبان انگلیسی همچنین با بررسی کتاب ها و روش های رایج آموزش زبان انگلیسی نشان داده است که این کتاب و روش ها بسیار تک بعدی بوده و بایستی در این زمینه تجدید نظر صورت گیرد چرا که استفاده از متون محتوایی یا فعالیت های چندبعدی در مقایسه با استفاده از متون عمومی و فعالیت های سنتی توانایی زبان عمومی دانشجویان را نیز افزایش می دهد
337963c60cd1921647725f93a2db05cd6bcc01cfd4b1084435394203d582f76b	این طرح در حالی تصویب شد که هیچ کدام از نمایندگان و معاونان وزارت بهداشت در مجلس حضور نداشتند که از عملکرد وزارت و نتایج مثبت آن دفاع کنند
350a86eaa005ea52905f721c2f59e6fa462d43eee7e5570464f7b17055bf0051	وی در بیان برخی مشکلات نظام آموزشی پزشکی کشور اظهار داشت ازدیاد دانشجو و دانشگاه ضعف مدیریت آموزشی در وزارت بهداشت و وجود بیمه تامین اجتماعی و خدمات درمانی بعنوان بار اضافی در ساختار وزارت بهداشت از جمله مشکلات موجود در وزارت بهداشت است که به آموزش پزشکی تاثیر می گذارد و این مشکلات هر کدام راه حل خاص خود را دارد که با ادغام آموزش پزشکی در وزارت علوم حل نخواهد شد
38c6839101f0ba14be9e9fc369f1f591f07012d4eb75ef6ec92271b6185592be	حق پناهی در بخشی دیگر از سخنان خود با اشاره به رشد درصدی پذیرش دانشجو در این دانشگاه خاطرنشان ساخت که تا پایان برنام سوم توسعه ظرفیت این دانشگاه به هزار نفر و جذب سالیان چهار هزار دانشجو افزایش خواهد یافت
3a8f9987aab390a0bc7a8757551e60c006cc21efe43cdb565f8c3249aee299f8	در رشته فنی و مهندسی سئوال مطرح شده که زمان پاسخگویی به آن دقیقه است در گروه علوم تجربی تست با دقیقه گروه علوم انسانی تست در دقیقه و گروه زبان های خارجی تست با دقیقه زمان و گروه هنر تست با دقیقه زمان طراحی شده است
3aacc397aa353e6f64ddf6371e3f63e08d736007a50cb201239885e412a3d1a7	همچنین کلیه دفترچه های آزمون عمومی و اختصاصی داوطلبان گروه های آزمایشی فوق از ساعت روز سه شنبه لغایت روز چهارشنبه از طریق ادارات آموزش و پرورش واقع در شهرستان های محل برگزاری آزمون و دانشگاه های مجری آزمون در شهرستا ن ها به استثنای شهرستان تهران در اختیار داوطلبان قرار داده می شود
3b9b2f9c7aa1fd89ad59595b935042b075324e68fbdbba3f3e3b381e3b05de98	وی افزود آن گونه که از شواهد امر برمی آید طرح انتزاع آموزش پزشکی از وزارت بهداشت طرح قابل اجرا و عملی نیست
3d593b1c0cfcd1766092e321fe57fc39ffeb776863fa7ea96d648f577db3cea1	وی یکی از شاخصه های اصلی سنجش دانشگاه ها را نسبت استاد به دانشجو عنوان کرد و اظهار داشت هرچقدر این نسبت بالا باشد توانایی بالقوه بهترشدن بالا خواهد بود در حال حاضر نسبت استاندارد استاد به دانشجو در کشور به است و در دانشگاه ارومیه این نسبت به می باشد
3d9e1ba05f91dc813e3ea5cb179f3870fa1c2f616408e84b87d752bd361baf86	پیرموذن در پایان خاطرنشان کرد کسانی که با فضاسازی و ایجاد فضای احساسی سعی دارند نمایندگان مجلس را دور بزنند بدانند که ر ی نمایندگان مردم به این مس له به اندازه ر ی اعتماد به یک وزیر اعتبار دارد
3dcd146927d93322e97eea01a24993328baf01c01836ccedd88d5a847bda3dd7	وی افزود وزارت علوم پس از تصویب طرح آن را به عنوان یک برنام قابل اجرا به سازمان مدیریت و برنامه ریزی اعلام می نماید که نمایندگان و سازمان می توانند از این طرح حمایت نموده و سرعت اجرای آن را افزایش دهند
3de5421face0d53887396c7b4e1c4572ae4059e24414537b72f46ebba9318f4e	آموزش این زبان جدید باید از مدارس آغاز شود و محصلان باید به همان اندازه که در علوم تاریخی و زبان انگلیسی مهارت دارند در زمین زبان دیجیتالی نیز کسب مهارت کنند
3f4b45927490d955dba7cf4de4a5f8e44c7a6ea2099cc4f388cbc790b6d59582	وی اعضای هیات علمی دانشگاه پیام نور ارومیه را نفر و کادر اداری را نفر ذکر کرد
3fe863c5aaf58f54923ff104ee7c0c262c4ef3da77a7a3a1d52e6b98df560c07	وی با اشاره به ایجاد انگیزه در محققان جهت انجام تحقیقات تصریح شود اساتید اغلب درگیر مسایل مالی و بوروکراسی های اداری هستند و تنها راهی که پیش پای خود می بیند تدریس است و قاعدتا وقتی برای پژوهش باقی نمی ماند
402ebe62731a67a8707afbad4c836065a0cdff9d8a74153263cf0748b939a0e2	استاد دارای تالیف متعدد اعم از کتاب و مقاله به زبان های فارسی و انگلیسی بود و ده ها سخنرانی در کنفرانس های علمی بین المللی و داخلی ارائه نمود
40acccad51e7e5c93d3f139f0f15a8c2036e067f5c63f8a2ebdd6ae55332ca74	دکتر فروتن در پایان اظهار امیدواری کرد که مجلس با صرف هزینه ای اندک برای یک کارکارشناسی از اتلاف میلیون ها تومان سرمایه کشور که طی سال صرف ادغام آموزش پزشکی در وزارت بهداری شده جلوگیری کند
44ca86f7dc9460b64df7c8d9b80a4e9d11a0e9918c1e768847d1de2f059f0d87	امیر سرتیپ دوم محمد باقر دانش آشتیانی معاون آموزشی پژوهشی دانشگاه عالی دفاعی ملی ارتش مواد امتحانی این آزمون را اطلاعات عمومی دروس تخصصی گرایش ها در مقطع کارشناسی ارشد زبان تخصصی و معارف اسلامی عنوان و بیان کرد تعداد داوطلبان پذیرفته شده و دانشجویان دور یازدهم دکترای علوم دفاعی استراتژیک براساس نیاز و سهمیه سازمان های مربوطه و تصویب هیات امنای دانشگاه و وزارت علوم مشخص خواهد شد
48c662e59fbb1213b664602e932f92122cc70576955365322f4a3f192bedfbca	به اعتقاد دکتر مرندی با اجرای این طرح دیگر چیزی برای وزارت بهداشت و درمان باقی نمی ماند که به کار درمان بپردازد
497a1033c595141c676b6a01cb6cc9cffece3374a108484773e060552fa0b82a	علاقمندان جهت کسب اطلاعات بیشتر می توانند با شماره تلفن های و گروه پژوهش و فناوری این معاونت تماس حاصل نمایند
4b10d7725706ced3879f208d035ad25fb4c5ca6537b4d1d829c2c7fd96fa222f	در همین راستا قوانینی در زمینه بررسی استانداردهای فرهنگی مدارس تصویب شد که براساس آن مسئولان موظفند هرساله کیفیت آموزشی مدارس خود را به بویژه در دروسی چون روخوانی و ریاضیات مورد بررسی و مطالعه قرار دهند
4bfed890604291ba4454ab1b3957315338d682172eb10b15c85fb8fb62132902	عضو هیات علمی دانشگاه پیام نور مشهد با اظهار تاسف از اینکه یک کار پژوهشی یک ساله در کشور ما پنج سال طول می کشد گفت از مشکلات عمده ای که باعث می شود یک کار پژوهشی کمتر توسط اساتید انجام شود سریع نرسیدن به تامینات مالی در پژوهش و تحقیق مبهم بودن روند پژوهش مشکلات دست و پا گیر اداری دسترسی نداشتن به کتاب ها مقالات و اینترنت و تجهیزات است
4c16d65d08a238d8eac345aca1d082597ed3ed58364ed42a11cb818ebdb433c8	وی گفت در کشور ما پژوهش در زمین علوم انسانی بیش از دیگر زمینه ها توسعه یافته است زیرا عملا امکانات در این زمینه قابل دسترسی است
4cc040062181cec332ce9c734417ba34f5d2def63d220bc2c02f4ba42b0b88ac	رییس دانشگاه بوعلی سینای همدان در پایان گفت عنوان کتاب در سال گذشته توسط دانشگاه انتشار یافت که نتیجه کار تالیف و ترجمه اساتید دانشگاه می باشد
4d443b2f71a9826b005b4f01062c918d8c6322965d7e831145525754e7024efb	رییس دانشگاه آزاد اسلامی خوراسگان اصفهان در ادامه از جمله تسهیلات فراهم آمده در این دانشگاه را هدایت فعالیت های علمی و تحقیقاتی دانشجویان و اساتید این دانشگاه در جهت حل نیاز سازمان ها و وزارتخانه ها عنوان کرد و گفت با توجه به نوبنیادبودن این دانشگاه تلاش های صورت گرفته بیشتر در راستای جذب کادر هیات علمی متخصص بوده و بحمدالله وضعیت شاخص های موجود این دانشگاه در مقایسه با دیگر دانشگاه ها مناسب و از پیشرفت خوبی برخوردار بوده و امید است این دانشگاه بتواند سهم مهمی در پژوهش و تحقیقات کشور داشته باشد
4e1eea31ffca625afa81c6d0e87e0b8c63cbd236cd2b2f0c7521ef35174edb91	خبرگزاری دانشجویان ایران نیز درگذشت این عالم فرزانه را به جامعه علمی دانشگاهی کشور و خانواده این بزرگوار تسلیت می گوید
50c29e82642424425eb2aacba8385b1c26833db28ff37009e5fed1ce3e63774c	این نماینده مجلس شورای اسلامی با اشاره به مشکلات و معضلات ناشی از ادغام آموزش پزشکی با وزارت علوم گفت درصورت اجرای این طرح بسیاری از دانشگاه هایی را که بر اثر نفوذ سیاسی در شهرهای کوچک ت سیس شده منحل می شود ولی بستن این دانشگاه ها به علت حساسیت های قومی و منطقه ای دارای تبعات اجتماعی بسیار شدیدی است در حالی که نه وزارت بهداشت و نه دولت با یک کار کارشناسی به این نتیجه نمی رسند که عواقب این تعطیلی آیا قابل تحمل است یا خیر
518dec49614ec393131653d8377846c6c90b12058942e9a569c2fd44ada0a932	وی در مورد عواقب تربیت دانشجوی تئوریک و هدف اصلی از آموزش و پرورش گفت در روش های غیر فعال آموزش و پرورش و آموزش عالی می تواند موانع مختلفی از نظر گفتاری پنداری و کرداری به وجود آید از نظر پنداری وقتی که دانشجو نتواند خلاقانه مطلب خود را چه به صورت علمی چه به صورت فرهنگی و یا سیاسی مطرح کند دچار عظیم شدن فکری می شو د و در نتیجه این باعث می شود که در گفتار فرد اثر منفی داشته باشد و دانشجو یا شخص یاد گیرنده فردی خواهد بود نامتعادل در این عدم تعادل نمی تواند نیازهای روحی روانی و آموزشی خود را فرموله و جمع بندی کند و آن را در یک قالب زیبا و پرجاذبه به استاد یا جامعه عرضه کند
5214be423c16d204b320624b9a0792305abf3e2436e5f44be0443f2fc19ad516	قلی زاده در پایان هدف از برگزاری این سیمنار را بررسی مشکلات اداری مالی و آموزش دانشگاهی دانشگاه های پیام نور عنوان کرد
53c57bde831da1204b6c155241ff38e4dbcb687d7b0eacb37a2fd660e2bec21b	وی اظهار داشت به منظور شناسایی و تامین مهندسان دوره های علمی و کاربردی طی هفت آینده در فراخوانی از افراد متخصص و مجرب و واجد شرایط برای همکاری دعوت خواهد شد
54a19f2eb9001cdeddd5f6f3ffa024a4140f36227415d044241c67d5e968e63b	وی در رابطه با ارتباط پژوهش بر رشد و توسع کشور گفت باید با یک مدیریت صحیح که در کار پژوهش و تحقیق علاقه و تجربه کافی دارد در راس امور قرار گیرد و از دانش افراد متخصص به نحو احسن استفاده کنیم و نگذاریم در راه تدریس که یک امر تکراری است و بدون هیچ پژوهش و تحقیقی بلااستفاده باقی بمانند و همچنین به دانش و پژوهش بهای لازم داده شود تا انسان های عالم و فرهیخته کشور با علم روز هماهنگ شوند و کشور در جهت توسعه و پیشرفت گام برمی دارد
54ed9465f37e9c1dc904c00ed3cd20598ca32840c7c7e46e1a63c7155f8ed758	آموزشی دکتر شاهرخ جم در گفت وگو با خبرنگار آموزشی ایسنا در شیراز افزود سیستم جاری در دانشگاه خواسته خود دانشجویان بوده است که اینک اسم تئوری ها محض بر آن گذارده می شود
566f19651958626f80bdd0d46b53c3e5465d8372cbc42b2748c407422643890a	در رشته های میکروبشناسی انگل شناسی و ایمنی شناسی در دانشگاه علوم پزشکی شیراز گردید
56eb0145f8974ad31558e4b55b3ec19fe767c6b3e553a4aed9526d9f861214fa	معاون پژوهشی دانشکده صنعت الکترونیک شیراز در پایان اظهار داشت که در تلفیق نظام های آموزشی مختلف باید دو نکته را رعایت کرد که به اصول آموزش لطمه وارد نشود و محیط آموزشی که همان محیطی است که ما در آن زندگی می کنیم نیز مورد توجه قرار گیرد
598a37111849bdfd3caf2256a70a8f35d81a711192cdcf020f4ac3781edfcca2	شایان ذکر است از این پایان نامه تاکنون دو مقاله در مجلات داخلی و خارجی و در یک مقاله در همایش های داخلی ارایه شده است
59e6e6e8605061ad69e91aefa8a38218801b7f773d7a305737dc7a37f64dd718	وی دوره های تحصیلات تکمیلی را موجب اعتلای دانشگاه ارزیابی کرد و گفت در این راستا دانشجوی کارشناسی ارشد و دانشجوی دکتر تخصصی در این دانشگاه مشغول به تحصیل هستند که سعی بر افزایش این تعداد است
5a24af774c8cba7f462b742f39b36b8c97a35e32763a65df01018ae5fcef8b52	برای مثال در مدارس دخترانه کمتر از معلمان متخصص در زمین تدریس علوم ریاضی و فنی استفاده می شود
5ac31de72e54130f1f47667915e31f0ca015dbf07ddc26437684ea581ccb2b8c	آموزشی به گزارش خبرنگار آموزشی ایسنا در اصفهان هادی فرجامی دانشجوی دکترای دانشگاه اصفهان در پایان نام خود باعنوان آموزش زبان انگلیسی با استفاده از متون محتوایی و رویکرد هوش چندگانه تاثیر استفاده از فعالیت های چندبعدی و متون آموزشی محتوایی را مورد بررسی قرار داده است
5e980d1bc752f92d23eaff915c8154973943833e001782c41047491e874d5a18	دکتر بهرامی تاکید کرد در این سال ما مرتبا در حال رشد بودیم و سال از وزارت علوم جلو افتادیم با جسارت و فداکاری و برنامه ریزی در این سال توانستیم دکترا و دکترای تخصصی را توسعه بدهیم و اعضای هیات علمی ما واقعا وقت گذاشتند و دانشجوی دکترا تربیت کردند و با وجود اینکه ما در دانشکده علوم پزشکی مشهد در رشته فیزیک پزشکی نفر هیات علمی داریم ولی دانشجوی دکترا تربیت می کنیم اما در دانشکده فیزیک چهل نفر هیات علمی دارند اما دانشجوی دکترا ندارند
6002d2763373c61e4f21f3807b98af50a8b8ce465a57d2ad727bb48a1eadf258	گفتنی است رشته مطالعات منطقه ای در مقطع کارشناسی ارشد اخیرا در دانشگاه تهران ایجاد شده است که امروز اولین دانشجوی آن فارغ التحصیل شد
604045fc3f38c58a515b39fd085994de44f33e802c54b93f653578a89bb0bdc5	روش ها و راهبردهای آموزشی دانشگاه جامع علمی کاربردی در موقعیت اجرایی آموزش های پودمانی که یکی از رویکردهای مهم آن در زمینه آموزشی محسوب می شود از طریق آموزش متداول روش کارگاهی و روش مکاتبه ای و نیمه حضوری ارائه می شود
606ec30da8c1e4903bc5208ab39bdc88debd7bb33e0141293e84840b9282345f	وی همچنین از اضافه شدن رشته های جدید در این دانشگاه خبر داد و گفت در سال جدید در رشته علوم کامپیوتری در مراکز پیام نور کشور دانشجو پذیرفته می شود ضمن آنکه در رشته علوم قرآنی و حدیث در مرکز قم و ری نیز دانشجو پذیرفته می شود
612a9aa10ec5b5f42814a4b69bd2d56cecd7b0b2ad92245973bedea83079f173	و کسی نمی پرسد که چرا وزارت بهداشت با گذشت بیش از یک و نیم دهه از اجرای این انتزاع و دفاع از موفقیت های جهانی براساس نظر سازمان های جهانی بهداشتی درمانی ادغام مجدد آموزش پزشکی با وزارت علوم را باعث ایجاد مشکل در حل نیازهای درمانی بیماران شهرستانی می داند
61d01b19d6645340b058396af9b131466cf449a0c53a45eaeb7668f7fdc55dc3	رییس دانشگاه بوعلی همدان در پایان خاطرنشان کرد که با اجرای این طرح گسترش آموزش عالی در استان طی سال آینده برای حضور دانشجویان باید برنامه ریزی شود
624dfe59895904a27902c1c47bc1ccfa543b44b5f4f878b2bf7c60539738105b	مسعودی در بخش دیگری از سخنان خود گفت درصد اساتید به امر پژوهش علاقه زیادی دارند چون تدریس یک مساله خسته کننده ای است
626b3f66d9dc053741fd64fa37b0fbe0121b6a4710f3e7c57a882b1a47acaa00	آموزشی دکتر محمد مهدی تقدیری در گفت وگو با خبرنگارآموزشی ایسنا درهمدان بر نهادینه شدن پژوهش در دانشگاه های علوم پزشکی کشور تاکید کرد برای رسیدن به آن اهداف و اصلاح سیستم آموزشی باید زیرساخت ها و مبانی اصلاح گردد
628ff17f86197fd04c019d96dd5722ab1b842b53b431dcde8c96605133b3b00f	دکتر غلامی با بیان اینکه استاندار همدان قول حمایت های مالی و معنوی را داده است گفت قطعا در اعتبارات استانی باید سهمی برای این امر در نظر گرفته شود
63caae2c72eb8f1474f172da45b3a9314cf392d5c395f2fadc42f73d558fee1b	وی قدیمی بودن کتاب ها و منطبق نبودن با علام روز دنیا کمبود اطلاعات اساتید کمبود منابع اطلاعاتی عدم پژوهش توسط اساتید برای یادگیری نکات جدید علمی تدریس زیاد استادان و خستگی آنها را از جمله عوامل موثر در پایین بودن سطح علمی دانشجو ذکر کرد
64c430a5740de1c8b8fb38d8733254ff290620fa9323e3796085c0552de5e499	طراح ادغام آموزش پزشکی با وزارت علوم در ادامه گفت متاسفانه امروزه دانشگاه های علوم پزشکی کشور به باتلاق استعداد نخبگان این کشور تبدیل شده اند
654ca4d389d649c7778b5a301f4c0a6ea6d1944badccc044c94d3a7a962f46aa	وی با اشاره به لزوم بازبینی در نحو آزمون های ورودی دانشگاه گفت مت سفانه در این مورد ضعف هایی وجود دارد که با تغییرهایی که در ساختار امتحانات کارشناسی ارشد صورت می گیرد رفع می شود البته امتحان کارشناسی ارشد به این دلیل دارای مشکل است که کلیه مطالب آن تئوری است و دانشجو نیازی به کار عملی برای ورود به گرایش ارشد در خود نمی بیند
65ef4ea15a28da34209e25aa968b918cf1ebc4a608f02f7b644db25e5f47478c	داوطلبان متقاضی در شهرستان تهران می توانند با مراجعه به دفتر شرکت تعاونی خدمات آموزشی به آدرس ذیل دفترچه های مورد نظر را دریافت نمایند
66037122e9b3afd6c154614627ba06d09e8a31d82591a4017f0fb427aa730161	وی گفت با این طرح سرانجام برنامه ریزی های انجام شده در ماده تا و بند این ماده در قانون توسعه سوم چه می شود تکلیف وظایف و برنامه هایی که در این ماده برای وزارت بهداشت پیش بینی شده چیست
6719d58a561b4c8c352f9619059373a8dc26db78ad71ec9f34fe67c3c336f08e	این استاد دانشگاه آزاد اسلامی تهران در بیان جایگاه فناوری و تکنولوژی آموزشی در ساختار سنتی نظام آموزشی کشور اظهار داشت در یک جامعه سنتی اجزا و عناصر رفتار و پنداری سنتی حاکمیت دارد جایگزینی شیوه های جدید و منش ها و بینش نوین مواجه با مقاومت و مشکل می شود و پذیرش آن مدتی طول می کشد افرادی که برای تغییر سیستم های آموزشی سنتی مواجه با مقاومت و مشکل می شود و پذیرش آن مدتی طول می کشد افرادی که برای تغییر سیستم های آموزش سنتی گذشته در برنامه ریزی فعال هستند باید حوصله انقلابی و صبوری تشکیلاتی داشته باشند ولی در عین حال فعال بوده و این اکتیوتیه خود را در فرآیند مدرنیته همیشه حفظ و رعایت کنند و روی آن اجزا جدیدی را پیدا کرده و خلق نمایند تا بتواند وارد سیستم گذشته سنتی شوند و سیستم جدید را جایگزین سیستم قدیم نمایند شما باید توجه داشته باشید به علت اینکه در جامعه ای سنتی زندگی می کنیم نباید همه چیز را آنچنان که در کشورهای مدرن و صنعتی هست به کشور خودمان منتقل کنیم ما در این میان باید از دیدگاه جامعه شناسی برنامه تطابق و تطبیق دادن را اجرا کنیم
678ca0568111c2461dfc8b71745e0745039a388c1e36c277f1f6b841797e7722	وی تعداد مشروطیان ترم قبل دانشگاه ارومیه را نفر ذکر کرد و گفت در این تعداد نفر از دانشکده کشاورزی نفر علوم نفر فنی نفر ادبیات نفر دامپزشکی و نفر آموزشکده فنی می باشند
687267188c5ae79701d2c879f699b2e5f0264a2dff0937d8754b0f5856bc63bb	معاون پژوهشی دانشگاه آزاد اسلامی زاهدان افزود کسانی که مسایل خاص سیاسی را در پست های پژوهشی دنبال می کنند کمتر توجهی به نتایج امور پژوهشی خواهند داشت
68f0464d76c34d655c938e9fcd09a10e5f989e88e00fccf47cfbb0f6952e43a1	همچنین تعداد زیادی مقاله توسط اساتید در نشریات داخلی و خارجی منتشر گردیده و میلیون تومان به اساتیدی که مقالات عالی را در نشریات چاپ نمودند پرداخت شد
698c6be86b0fbfd51407e1310db62c9e2817cc56b93c3472ef0511eb6e3ae46a	آموزشی دکتر سیدعبدالله علوی استاد روابط بین المللی دانشکده علوم سیاسی دانشگاه آزاد تهران در گفت وگو با خبرنگار آموزشی ایسنا در بیرجند گفت چون این روش اعمال می شود دانشجو و استاد کمتر می تواند در یک فضای آزاد آکادمیک بحث مبادله و مجادله علمی انجام دهد و روش های ما به ناتوانی علمی و عدم کارایی مهارت های مثبت تدریس تبدیل شده است
6a7475b7a2a9e132827ee795f304c0197270e6c7fa76fe6d87765d6ee35a33ce	از بین گروه های مختلف تنها در گروه فنی و مهندسی زمان بیشتری به داوطلب داده می شود و آن برای فکر کردن بیشتر و انجام محاسبات ریاضی است
6bae4275d1a205f48c5a38e76e99cd665cafe9988716660727abf6a0e3588898	وی در بخش دیگری از سخنان خود در بیان تاریخچه ای از ادغام آموزش پزشکی در وزارت بهداشت گفت وقتی در سال انتزاع مطرح شد جمعی از اساتید پزشکی سمیناری در بیمارستان شریعتی تشکیل داده و به بررسی این امر از نظر کمی و کیفی آن پرداختند در آن جلسه مطرح شد که اگر قرار است پزشکی در وزارت بهداشت ادغام شود چرا دانشکده های صنعتی در وزارت صنایع و یا دانشکد دامپزشکی در وزارت کشاورزی ادغام نمی شود
6c5b78ef0b957acd7b99936988d45f529f3e0d61a4f2ec07285c981780c67ec0	به اعتقاد پیرموذن این طرح دانشگاه های علوم پزشکی را به جایگاه اصلی خود باز می گرداند و آموزش عالی را یکپارچه می کند با کوچک و محدود شدن وظایف وزارت بهداشت این سازمان در قبال تعهدات بهداشتی و درمانی که حدود وظایف اصلی آن می باشد با کیفیت مطلوب می تواند موثرتر از گذشته کارایی داشته باشد
6d0427888ffb72838a5e7f1248730e57f43a88e2593c2428cbc3e3a9402ea7ae	وی برگزاری دوره های آموزشی و کارگاه های عملی را در رفع این معضل موثر دانست و گفت این امری امکان ناپذیر است که دانشگاه بخواهد از خلاقیت دانشجویی استفاده کند که در دوره های قبلی آموزشی اش این قوه در او رشد و پرورش نیافته است
6e3c66d9449c66451a3f597ce5c58d42478d30f81b50a5feec412353575d27d1	حق پناهی اظهار داشت مرحل اول استاندارسازی مدرسان در رشت های گروه کامپیوتر و گروه علوم هتل داری و جهان گردی آغاز خواهد شد
6e71a29161c2b70fe2c770a754a0f26849e86e011d4d8732529b3c4d7c67602d	همچنین در این کارگاه آموزشی موضوعات نحوه تخصیص اعتبار به بیمارستان ها نحوه واگذاری جمعی کارها به بخش خصوصی اصلاح نظام حقوق و دستمزد کارکنان دولتی بهداشت و درمان و بررسی منافع و تبعات ادغام یا انتزاع آموزش پزشکی از وزارت بهداشت به عنوان کار گروهی مورد بررسی قرار گرفته است
6eb36bfb272ade3ab4d29357466aa40731069b7bb1f595ef9cd9c0b3021df41e	رشته تاریخ ایران اسلام برای سال و رشته میکروبیولوژی برای سال تحصیلی از طریق آزمون سراسری دانشجو خواهد پذیرفت
6f9a060d7e6ff600988180f4e0df654f49daafbc7b7dd82b789752f63a77f310	آموزشی به گزارش سرویس آموزشی ایسنا از روابط عمومی دانشگاه صنعتی امیرکبیر دکتر فهیمی فر طی حکمی دکتر محمد حسین سلیمی عضو هیات علمی گروه مهندسی صنایع و رییس اسبق دانشگاه امیرکبیر را به سمت ریاست دانشکده مهندسی صنایع و دکتر بهروز آرزو عضو هیات علمی گروه مهندسی مکانیک را به سمت ریاست دانشکده مهندسی مکانیک منصوب کرد
7136326a5f62d431d301968885a19619cbbea8b245fc032c16d8a1b3022f6288	این مدرس دانشگاه افزود ترس از بوجود آمدن مشکلات سیاسی بی توجه بودن درصد از استادان به تشکیل انجمن صنفی ناامید بودن استادان از حمایت مسوولین در آینده از عواملی است که باعث عدم تشکیل انجمن صنفی تاکنون شده است
71769c126a62a024ac2032f36aa4ba7144072b3dc5031be2e7178d3e297c8428	علمداری با تاکید بر نقش مدیریت در اداره و هدایت سیستم گفت در این مساله نقش مدیریت متعهد بسیار مهم است و فرقی نمی کند که اسم وزارت خانه چه باشد
71c9d864f38e6d886ab855e282bfba81e56fc33f695419091f3949394c602df7	ایجاد انگیزه برای کسب مهارت عملی دستیابی شاغلین به آموزش های مورد نیاز دستیابی به مهارت هایی از مسیر خودآموزی افزایش بهره وری از طریق پرهیز از زیادآموزی وکم آموزی و کوتاه کردن فرآیند آموزش و برطرف کردن برخی موانع همانند کنکور از مهمترین برنامه ها و اهداف دانشگاه علمی کاربردی محسوب می شود
73e99960e9f4b71bedc5da449cda51a9d389eeb34fd4fd8df9a8384721e4a593	وی افزود ایجاد فرصت های مطالعاتی جهت به هنگام کردن اطلاعات هیات های علمی با تحولات علمی روز جهان و تشویق و ترغیب آنان و ایجاد شرایط لازم برای افزایش رضایت شغلی اساتید می تواند راهکارهای مناسبی برای فعالیت بیشتر و منسجم تر مراکز آموزش عالی باشد
74967cd92488a7eaf03666453333da91169685692cdded4260340d537a398865	گفتنی است نتایج آزمون امسال همانند سال های گذشته نیمه دوم شهریور است داوطلبان می توانند نتایج آزمون را از طریق تلفن گویا و روزنامه ها دریافت کنند
7628cdc48ef4c887dbd9ec4398624975ce08a1a0075ec6820f767eea3d607810	وی با تاکید بر اینکه بررسی چنین طرحی باید به دور از مسائل پشت پرده سیاسی صورت گیرد تصریح کرد آن چه تحت عنوان افت کیفیت آموزشی پزشکی پس از ادغام آن دو وزارت بهداری عنوان می وشد به هیچ وجه توسط یک مطالعه جامعه اثبات نشده است
76bcf8e0cecdb4f9dee47e8a1c1dd0150db092e740d5d17e371232bdfcc6e388	وی افزود برنامه ریزی آموزش و پرورش ما براساس برنامه های شنیداری و گفتاری تنظیم شده است و در این شرایط همیشه یک نفر متکلم وحده به صورت آمرانه صحبت می کند و از آن جایگاه سنتی و ارزشی خود به عنوان معلم پژوهشگر و یا طراح و نویسنده مطالبی را به مخاطب خود القا می نماید و عکس العمل و یا بازسازی فکری و گفتاری به وجود نمی آید
76f4d1873444c3cdd7ec67ffdb3e9cfece2bb80068c5bd6dc95ffcd2e0564794	آموزشی دکتر منصور غلامی افزود در سال تحصیلی جدید در رشته دانشجو می پذیریم و مجموع دانشجویان این دانشگاه به هزار نفر خواهد رسید
7949695ed296f775f8c62584c5e649b2a8bb714d8964be724dd1da54b301cb79	وی با بیان این که در ایران دانشگاه به معنای واقعی وجود ندارد اظهار داشت دانشگاهی که رییس و هیات امنای آن را دولت انتخاب کند و اختیارش دست دولت باشد تفاوتی ندارد که زیر نظر وزارت علوم باشد یا وزارت بهداشت
79e11cbbcf5ab821947ad53fdc3dd695540c4a053af398fc185c0181769f773b	اگرچه بحث و بررسی درخصوص این طرح و ابهام درسرنوشت دانشجویان پزشکی بیماران و دانشگاهیان در خارج و داخل مجلس شورای اسلامی ادامه داشت و افراد و نمایندگان مختلف دراین باره تنها به اعلام موافقت و مخالفت آن می پرداختند اما هیچ فرد یا مقام مسئولی به پاسخ این سئوال برنیامد که انتزاع آموزش پزشکی از وزارت علوم در سال براساس پیشنهاد کدام سازمان داخلی یا خارجی بدون انجام آزمایشی و اطمینان از نتیجه آن در کشور به اجرا درآمد
79e75dfa2cfc34c5b260daafec1648c6444b88c8043cb106f79904f42e266951	اگر این گونه نباشد چه کسی تضمین می کند که سال بعد از تصمیم امروزشان هم بر نگردند برای جلوگیری از این اتفاق باید کار کارشناسی بسیار بیشتری پیرامون این طرح صورت گیرد
7b4924bad51180031e9b1ce2b9701cb572175b9b101e7450f47bda9ac2741df9	دکتر تقدیری اظهار داشت عملکرد و مدیران در بخش آموزش پزشکی متاثر از مدیریت کلان کشور است با این همه عمده مشکلات تحمیلی بر سیستم بهداشت و درمان غیرواقعی بودن تعرفه ها نقص بیم همگانی دخالت های عناصر غیردانشگاهی جایگزین شدن اندیشه های صرف و سیاست بازی به جای کارشناسی علمی و کارآمدی می باشد و راهکار رفع این نقص در سیستم می باشد نه در مدیران
7c99b8d0a0b42e00b64e9264613d816833b65b47820088054b204b26eefa4dad	درحال حاضر مسئولان درصدند تا با ارایه این آموزن ها از میزان تاثیر این تغییرات اصلاحی در زمینه کیفیت آموزشی مطلع شوند
7cb800e002f0724661465dd50728590ec6dd98eb3548886a941aaef96ed3939c	گفتنی است این کارگاه آموزشی به صورت فشرده به مدت ساعت و تفصیلی به مدت ساعت قابل اجرا است
7cdb6082786af6b147b9ef412ff6fa151bb315dc9a2d2ae6c3f35ce3bf614e83	این عضو انجمن اسلامی دانشگاه علوم پزشکی تهران در ادامه تصریح کرد که علیرغم آنکه دانشجویان پزشکی بااستعدادترین دانشجویان این مملکت هستند اما پرونده دانشگاه های پزشکی کشور هرگز متناسب با این استعدادها نمی باشد به ویژه ادغام خدمات درمانی بهداشتی و آموزشی باعث شد که آموزش به عنوان اولویت مطرح نباشد و عضو هیات علمی نتواند در ارتباط مستقیمی به آموزش موارد مورد نیاز دانشجو بپردازد
81367050cba800ecb136334a625fb478a2d3f2111e9584ba87a3a3e70e6115ee	آموزشی دکتر علی اصغر مقدس معاون تحصیلات تکمیلی دانشگاه شیراز با بیان این مطلب به خبرنگار آموزشی ایسنا گفت طرح به صورت آزمایشی در سه رشته جمعیت شناسی اقتصاد کشاورزی و هوا فضا در دانشگاه شیراز برگزار می شود
8175fec6b882ed5fe02c82aca693482757340e1cc8fb16e9f4a8151670f1257a	وی گفت همچنین شاهد تبعیضاتی در مورد آموزش پزشکی نظیر عدم اجازه برای شرکت در امتحانات پذیرش دستیاری و سهمیه گذاری های ناعادلانه هستیم
81e4b28bd33ac0aecd2727e4ab86ffe8c29f01a84aba4db11e530d4cbd4fb21e	آموزشی به گزارش سرویس آموزشی ایسنا راهکارهای ارتقای کیفیت آموزشی دانشگاه ها چگونگی توان افزایی اعضای هی ت علمی در زمینه آموزش و پژوهش برنامه ریزی و مدیریت وضع معیشتی آنها بازنگری در آیین نامه ها و مقررات آموزشی نحو انسجام بخشی در آموزش عالی نحو توسع کمی و کیفی دوره های تحصیلات تکمیلی تنوع بخشی در نظام آموزش عالی بررسی سیاست های توسعه کمی و کیفی آموزش عالی و بازنگری در محتوا و نحوه ارائه دروس عمومی دانشگاه ها از جمله موضوعات مورد بحث این همایش است
82646578b6602fd851638178539cc593d164667be937414a0242e4cc94d210ce	وی در ادامه افزود وزارت علوم تحقیقات و فناوری با توجه به اسمش باید بیشترین امکانات را به اساتیدی که توانایی تحقیق و پژوهش کردن را دارند بدهد و یک سایت مخصوص استفاده اساتید از مقالات و کتاب های جدید علمی دنیا به صورت رایگان در اختیارشان قرار دهد چون هم قبل از تحقیق هم در حین انجام تحقیقات استاد باید اطلاعاتش به روز باشد و همچنین امکانات رفاهی نیز در اختیار پژوهشگران قرار دهد تا آنها دچار مشغله های فکری نباشد و در فکر تامین معیشت خود و خانواده نباشند
826e663a1d808fd38cc62de8ec6525cee0a96029e727b0ee120dc67f0b9af349	وی افزود استاد محقق و پژوهشگر دانشجو را به سمت درک کردن و باور دانستنی ها ترغیب می کند
8339be9f5be0fe4630e590d3ec176ab51d326ead07915e511e24976503f891f6	به عبارت دیگر استادان باید با صبوری آموزش را به عهده داشته باشند و دانشجویان باید مرزهای گفت و گو و حرمت استادان را رعایت کنند و در جمله بندی ها غیرپرخاشگرانه و محترمانه و در عین حال عریان و نقادانه و بر اساس خصلت جوانی خود آرزوها و نیاتشان را مطرح کنند تا جامعه بتواند به رویاهای آینده ساز نیروهای جوان پاسخ بدهد
845df9beb8f9d5c3a4b15bc8a53bf885b9b07c0cc47c55f1168ba31f28495b10	رییس کمیسیون بهداشت و درمان مجلس شورای اسلامی در پایان گفت بودج کشور محدود است و توان هزینه کردن برای چنین اقداماتی را ندارد
85beef985fae7da636d1cf84249c2bac804cb77849ba80aa4a5f4f1b81606f49	وی تصریح کرد به موازات افزایش پذیرش دانشجو باید بحث استاندارد سازی مدرسان این دانشگاه مورد توجه قرار گیرد
87d3fa2da270ec39cb99f259342730728064189ef590799bc3313a1a6a52fc1a	دکتر جم درمورد کاربرد تکنولوژی های آموزشی در رفع اشکلات نظام آموزشی موجود گفت باید ابتدا محیط آموزش شناخته شود و بعد امکانات را به آن تزریق کرد
88f42beb8d11b938bce236a93bc3120f9735276c0de28d3b2331cb4ede816bb1	همچنین محسن نظریان مشاور ریاست دانشگاه و مدیر روابط بین الملل دانشگاه علمی کاربردی نیز در سخنانی ایجاد ارتباط بین این دانشگاه و مراکز و دانشگاه های مشابه در سایر کشورها را از سیاست های توسعه ای دانشگاه بیان کرد
8a4a2b42b6bba82849e2a3a63ac6ad93c9241b6f91a51ffeb9da2c5a912bb566	در آن سمینار قطعنامه ای به امضای نفر از اساتید و روسای دانشکده های پزشکی تهیه شد این قطع نامه برای امام ره و وکلای مجلس ارسال گردید متعاقب آن مجلس نیز درخواست کرد که جلسه ای با برخی از اساتید امضاکنند این قطع نامه داشته باشد
8db5ae12fa78e9bd274235ad6835fc00a31a80f04faba2df9f9bc029bce1a38f	لذا مسوولان موظفند تا به امر تشویق دانش آموزان و دانشجویان دختر در این رابطه توجه بیشتری مبذول دارند
8dd6e9568e6c33ed792bc3034d5b39c89418a9e5731ccfc70d06fdc22f09a099	همچنین دکتر عنصری استاد پیشکسوت دانشگاه علوم پزشکی تهران نیز در این میزگرد در سخنانی گفت ادغام آموزش پزشکی در وزارت بهداشت در سال بدون کارشناسی انجام شده و ضربه اش به دانشجویان وارد شد امروز نیز با این طرح می خواهند مجددا بدون کارشناسی این تغییر و تحول ایجاد کنند
8e2a4c1dbb560db416a0793679e2cefc61ecb3bd4f675e9aaa460d394dfd5e59	آموزشی دکتر صدیقی گیلانی معاون آموزشی دانشگاه علوم پزشکی تهران در گفت وگو با خبرنگار آموزشی ایسنا در بررسی جنبه های مختلف الحاق آموزش پزشکی به وزارت علوم گفت برای بررسی دلایل افت کیفی آموزش پزشکی که موافقین این طرح به آن استناد می کنند باید کار کارشناسی گسترده ای صورت گیرد و دلایل و مدارک مستحکمی ارایه گردد آنگاه اگر ثابت شد که پس از انتزاع آموزش پزشکی از وزارت علوم شاهد افت کیفیت در این مقطع بوده ایم باید سطح آموزش در سایر مقاطع را نیز بررسی کنیم
8e56b6f35f52f20e83cbb599546b8fbb88e7c6da71526fddda4c845ac5e4aa97	آموزشی به گزارش خبرنگارآموزشی ایسنا دکتر نورالدین پیرموذن نماینده مردم اردبیل در مجلس شورای اسلامی دانشجوی پزشکی و بیمار را دو محصول آموزش پزشکی ذکر و بیان کرد در گذشته دانشجویان پزشکی پس از فارغ التحصیلی در کل دنیا به راحتی جذب می شدند ولی محتوایی که امروز فارغ التحصیلان پزشکی ما دارند بسیار کم است به نحویی که ما یک ماه قبل در ژنو به دنبال وزرای بهداشت و درمان کشورهای آفریقایی بودیم تا چند نفر از پزشکان خودمان را به آنجا اعزام کنیم
8e720a4829637dfcd68368bb6cfebf6a2cf0bc7f8fbf0cb914def91fdb44b626	آموزشی به گزارش خبرنگار آموزشی ایسنا دکتر علیرضا نوری رییس کمیسیون بهداشت و درمان مجلس شورای اسلامی در این میزگرد با اعلام مخالفت خود با طرح ادغام گفت مت سفانه ما در ایران برای حل مشکلاتمان به دنبال راه حل های انقلابی می گردیم و این طرح نیز همانند همان اشتباهی است که در سال با ادغام آموزش پزشکی در وزارت بهداشت رخ داد
8f090e627760eb3fefdebcd7e80bdd067d2d894cf33440d5d501f4e897bd600e	براساس گزارش شبکه خبری بی
8fc05cdc5a95570b574d6083310df01c7dd5d67d976549d85ecb55d35c7dbdc7	وی اظهار داشت این دوره های دکترا که از رشته های مصوبه وزارت علوم هستند در دو مرحله آموزشی و پژوهشی برگزار می شوند در مرحله اول حداقل واحد دروس نظری در مدت یک سال و نیم به دانشجویان ارائه می شود و در ادامه پس از برگزاری یک آزمون جامع دانشجویان پذیرفته شده وارد مرحله پژوهشی می شوند
8ff7834648075fdfbe4b41a3ae5ad39da598f89bf8e53b7a00ba6584f20b0516	آموزشی به گزارش خبرنگار آموزشی ایسنا در این آزمون میلیون و هزار نفر شرکت کرده است که از این تعداد درصد را داوطلبان شهرستانی و درصد را داوطلبان تهرانی تشکیل داده اند که از نظر ترکیب جنسی درصد داوطلبان این آزمون دختر و درصد پسر هستند
9034ee1d6776031c28fc960a2226fb2b4765ec3af70beb9df2e7220b43641188	لذا فرهنگ آموزشی به صورت فرهنگ منولوگ در می آید وقتی که فرهنگ منولوگ توسعه پیدا کرد خلاقیت ابتکار نقد فکری و نقد عملی مواجه با فلجی رفتاری گفتاری و کرداری می شود
9073d9f542280a3449b77a14e93978846bbdcccafca5600a1344b77651e79b1f	آموزشی به گزارش خبرنگار آموزشی ایسنا دکتر محمد حق پناهی رییس دانشگاه علمی کاربردی امروز در جمع خبرنگاران گفت تامین مدرسان دوره های علمی کاربردی از سیاست های عمده در عرص آموزشی این دانشگاه است
90e02d3bc8787e9668fef8ab1dd9d96430a393474929c6bdb556cbaded3e7eb6	دکتر بهرامی در پایان اظهار داشت در آن زمان که آموزش پزشکی زیر نظر وزارت علوم بود وزیر و معاونان مربوطه اطلاعی از مسائل پزشکی نداشتند چرا که رشته پزشکی تفاوت های فاحشی با دیگر رشته ها دارد و ما در دل آموزش پزشکی یک وزارت علوم داریم ما پزشک تربیت می کنیم که برود در متن جامعه و حتی به منزل بیمار اما وزارت علوم کاری به مسائل جامعه ندارد و معتقد است مریض باید خود به بیمارستان بیاید
934cb5279a4650b9b465a2f7b1f99c55497717e9ba6bec2dbfcf1c3e89d96c51	موسوی پناه اظهار داشت که حقوق انترن و رزیدنت ها بسیار کم است در حالی که بیشترین بار درمانی کشور را بیمارستان های آموزشی بر عهده دارند
95eb3a0d630818aa7c3603045c9947284f98442e885b594b08adf080204ac4ef	معاون آموزشی دانشگاه ارومیه با بیان اینکه به دانشجو تکلیف داده می شود و از او کار خواسته می شود به دانشجویان مشروطی دانشگاه اشاره کرد و گفت اگر در دانشگاه دانشجوی مشروطی نباشد باید به عملکرد دانشگاه شک کرد مشروطی نشان می دهد که دانشگاه کار خود را درست انجام داده و در حال تفکیک درس خوانده ها از درس نخوانده هاست
96f79ae5bc7c7209a83201daed8e0881ce4f05b6735147978e644c72f48c949d	همچنین متاسفانه غیر از چند بیمارستان آموزشی در تهران در شهرستان ها بیمارستان آموزشی نداریم و دانشکده پزشکی در درون بهداری قرار دارد
976c531cedbee417450d796ff5941df21bb5c65e79350d6a3fd3f210e74a14f2	گفتنی است تفاوت سوالات عمومی با سال های گذشته در افزایش زمان آن است به طوری که در سال گذشته زمان پاسخگویی به سوالات دقیقه بود ولی امسال با مشورتی که با طراحان سوال انجام شد زمان پاسخگویی به سوالات عمومی و اختصاصی بازنگری شد و زمان پاسخگویی به سوالات عمومی دقیقه افزایش یافت
97d15751d0472795f6d830d7cd75d42ea72b79ed6c09134e902e848abc85d194	این نماینده مجلس شورای اسلامی با اشاره به سابقه تاریخی این طرح از سال تاکنون گفت کسانی که خود در گذشته اجازه کارکارشناسی را ندادند اکنون که مجلس این طرح را به تصویب رسانده می گویند که کار کارشناسی صورت نگرفته است
98ee5435eaafb97cf0b35c4aa25248d223ac366db4a3cf180bddc184ea19e9d2	وی گفت در گزارش سازمان مدیریت و برنامه ریزی به دکتر اکبری آمده است که مناطق محروم اکثرا فاقد پزشک است پس آن هدف اولیه ادغام آموزش پزشکی به وزارت بهداشت چه شد
9a1e4cd258c64a0b3b39a5849aeba63410a023b4ae69275d2f96283666af4769	طباطبایی در خصوص بررسی این وضعیت در بین دانشجویان گفت اغلب دانشجویان هیچ درآمدی مالی غیر از خانواده نداشته و در مقطع زمانی خاص در حین تحصیل ممکن است کار پژوهش صورت گیرد اما به محض پایان تحصیلات چه طرح پژوهشی کامل شده یا نشده باشد عملا ارتباط دانشجو با مسایل پژوهشی قطع خواهد شد
9bc154922133680173be5234cf88e4f8ae502d531743c9059184c25d88e57fc1	وی افزود در این برنامه قصد داریم شکل گیری دانشگاه های جدید تخصصی را پیشنهاد نماییم که تعدادی از مراکز پژوهشی در بازنگری به صورت تخصصی تبدیل وضعیت دهند که در صورت نیاز تعداد آنها را افزایش خواهیم داد
9c146a52e157b49474fe201eda8fb79eea18d5631b304324b5d2275a16486457	وی اظهار داشت که در آموزش و پرورش عالی ما باید قدرت تطبیق دادن در جامعه تقویت شود نه اینکه همه چیز به کلی غربی شود و این شاید جامعه ما را نتواند به باروری کامل برساند
9d79666eae85091db606058ee89979e133d02cf960412f57711d14ef56c978db	وی تصریح کرد که برای بررسی کیفیت آموزش پزشکی لازم است تا گروهی متخصص و کارشناس از سوی مجلس و وزارتخانه های بهداشت و علوم مامور بررسی و مقایسه کیفیت آموزشی در رشته های پزشکی و غیرپزشکی شده و آن گاه بر اساس آن نتایج به تصمیم گیری پرداخت
9f3d3f511279e9829d09334f3d828838549098230c361748e084e1d9b1209861	آموزشی دکتر احمدعلی فروغی رییس دانشگاه آزاد اسلامی واحد خوراسگان اصفهان در گفت وگو با خبرنگار آموزشی ایسنا در اصفهان عمده ترین چالش های پیش روی مدیران دانشگاه ها و مراکز علمی کشور را تنوع نگرش مدیران دانشگاه ها در رابطه با چگونگی رعایت شئونات اسلامی در دانشگاه ها مهاجرت اساتید توانا و نخبگان به خارج از کشور عدم رضایت اساتید دانشگاه ها از مزایا و امکانات کم شدن انگیزه دانشجویان به مطالعه و تحقیق به علت مشکلات از جمله اشتغال رواج شیوه استاد محوری در دانشگاه ها عدم اجرای صحیح آیین نامه های اجرایی و آموزشی محدودیت استفاده از منابع علمی و همچنین عدم استفاده دانشگاه ها از تکنولوژی آموزشی به روز بیان کرد
a02283e76fb8bff536fa27a4843d68ee007e45cdbb09107763ded3d26b30480a	دکتر لطف الهی با بیان اینکه سعی ما بر پرورش افراد متخصص است ادامه داد باید شرایطی به وجود آید که جامعه ما به رشد تحصیلی دانشجو اعتماد کند و اگر کاری را به شخصی می سپارد مطمئن از انجام درست آن کار باشد
a06eca8e4dcf278ccfe5bd52b2ba9d79fee41d372c392f595d7cd08d53b60f40	آموزشی به گزارش خبرنگار آموزشی ایسنا ویژه نامه جامع در آخرین شماره خود آورده است که آموزش های پودمانی با هدف دستیابی به نیروهای انسانی ماهر در بخش های مختلف مشاغل و براساس نیازهای برنامه توسعه اقتصادی اجتماعی و فرهنگی کشور و به منظور بهره وری بهینه از منابع آموزشی همچنین پاسخگویی به نیازهای آموزشی و اجتناب از دوره های غیرضروری با هدف های مشخص را دنبال می کند
a0805784dde875e2e63efc54eb36f6181665c2672aec62359a634afaf9aae34e	وی اظهار داشت شما دانشجویان نباید منتظر باشید که دیگران این طرح را کارشناسی کنند بلکه باید به همراه اساتید کارکارشناسی آن را برعهده بگیرید
a23da045fe624fe2460afc2bb921f906a446617fda9aaf2a6ab1bac5567974e8	بر اساس گزارش شبک خبری سی ان ان این ارقام بسیار بیشتر از انتظار مسئولان آموزش و پرورش این کشور است به طوری که تقریبا تا هزار از این مدارس در شرف تعطیل شدن هستند به همین دلیل برای اولین بار به دانش آموزان اجازه داده شد تا برای برخورداری از شرایط آموزشی بهتر مدارس خود را تغییر دهند
a2a066e56b5ec7c712fc9db19a7a751468068d2987e89b324a04595745427059	دکتر مقدس ظرفیت پذیرش را برای رشته اقتصاد کشاورزی نفر هوافضا نفر و جمعیت و توسعه که آزمون آن در و تیرماه برگزار شد نفر اعلام کرد
a47b3c22696ab87396e8ba0732b77e16eecf061db80fdbb189c3f2d817034aa5	آزمون های مربوط به علوم طبیعی از حالت پرسش و پاسخ های تئوری خارج شده و بیشتر در شرایط عملی و تجربی برگزار می شوند
a4ef67babf424f9b3eedcf3f5ce60789af0224676b5431a0ed2324f911ace8c3	طول دوره کاردانی پودمانی حداقل سال می باشد و هر پودمان متشکل از چند درس یا واحد درسی است که حداقل آن ساعت بوده و برای دریافت مدرک پودمانی گذراندن تمام پودمانها ازجمله پودمان دروس عمومی مصوب شورای عالی برنامه ریزی الزامی است
a681967c8ccee869760957df0aef1d5a31f7d1848265305e05ecfa86d962ed4a	وی در این نامه خواستار بازنگری علمی ادغام آموزش پزشکی در وزارت بهداشت قبل از تصمیم گیری نهایی شده و آمادگی دفتر منطق مدیترانه شرقی سازمان جهانی بهداشت را برای کمک به بازبینی وضعیت کنونی قبل از تصمیم گیری نهایی اعلام کرده است
a73bfa73522ca803f84799af1f0bc1c0f00ce736554c76247565a3c958e23475	در حال حاضر در ایالات متحده به طول کلی هزار مدرس دولتی وجود دارد که با توجه به آن آمار بدست آمده از مدارس ناموفق نگران کننده و نامطلوب است
a9a1bbf664ea770f4d4686793408b0c6b076fb64abd9377894392b093de1a8aa	آموزشی به گزارش سرویس آموزشی ایسنا کارت ورودی آزمون کارشناسی ارشد فراگیر دانشگاه پیام نور مرکز تهران در رشته های مدیریتی دولتی زبان و ادبیات فارسی زبان شناسی همگانی علوم اجتماعی علوم ورزشی و تربیت بدنی فلسفه و کلام اسلامی جغرافیا علوم تربیتی و زیست شناسی گیاهی در روزهای و مرداد ماه جاری توزیع می شود
ab0642acfe3f8275574b7cf6e981f77b0c99538e23cd9c1a743fe0020ff70da3	به اعتقاد وی هیچ ضمانتی وجود ندارد که وزارت علوم معاون پزشکی داشته باشد امکان ندارد اینها بتوانند بهتر از کسانی که خود پزشک بوده اند آموزش پزشکی را اداره کنند همچنین تنوع رشته های پزشکی بیشتر و اهمیت این رشته بسیار بالاتر از سایر شته هاست و باید بیشتر به آنها رسیدگی شود
ab957a0f640591bc15930810ea595e7dc4e22f0b2deed7a981de32a145be61de	وی در پایان سخنان خود گفت امروزه کل سیستم پزشکی دنیا به سمت ادغام پیش می رود ما نیز باید با تصحیح مدیریت خود مشکلات را برطرف کنیم
ab9bbbc806c6fd6178e0327300c94eab725a1b65b69eda5b5ab7b3938a03d436	دکتر جم یادآور شد که نباید برای دانشجویان به اصطلاح آماده خوری ایجاد شود بکله باید به طور مثال استاد در کلاس عناوین و توضیحات را به عنوان دروازه مطالب بیان کند تا دانشجو با یک سیر مشخص آشنا شود و به تحقیق و تفحص بپردازد زیرا وقتی بحث آموزش یک طرفه شد دیگر دانشجو علاقه ای به آن نشان نمی دهد
ad56e686425e1b7a118a32f6d0ce679e6314ffb5ec801b5d6ebb806f5a173cc0	تحصیلات متوسطه را در تهران و تحصیلات عالیه خود در آمریکا ایران و انگلستان به انجام رساند و در سال پس از اخذ درجه
aee072da4be046fd719638290ba58397bc1cc6f8fe29227e7e2632c4a16393ec	آموزشی به گزارش سرویس آموزشی ایسنا این دانشجویان عبارتند از فائزه راعی محسن شریفی تبار لیلا سلیمی خسرو منصف شکری رضا فلاح مقدم حمیدرضا کارگر حمیدرضا دربیدی فروغ معین مقدس امین رفیعی داود چراغی لیلا رنجبری محمدرضا فرهنگ دوست رضا قنبری مهدی توکل جواد اسماعیلی و محمدرضا سیدصالحی
afce978052c4ab57483abdd5dcf2971621e7282b23e5dd8e367de368b7fa5058	گفتنی است این دانشجویان باید به همراه دانشجویان برگزیده رشته زبان و ادبیات فارسی الهیات و معارف اسلامی شیمی فیزیک زیست شناسی مهندسی برق مهندسی عمران مهندسی مکانیک و مهندسی کامپیوتر که اسامی آنان در پیک سنجش شماره مورخ منتشر شده است در مرحله دوم المپیاد که به صورت اردویی از اول لغایت چهارم مرداد ماه سال جاری در اردبیل برگزار می شود شرکت نمایند
b0f0dcbf47f03d9e8b8ce6451d6cebab71266a63b006e37680f0c5c4090eca25	طباطبایی وضعیت پژوهش در استان سیستان و بلوچستان را در مقایسه با دیگر نقاط کشور بمراتب ضعیف تر دانست و با اشاره به دوری استان از مراکز صنعتی و پژوهشی کشور از نظر بعد مسافت عدم موفقیت در نگهداری نیروهای کارآمد و متخصص بویژه در دانشگاه های استان بافت فرهنگی منطقه کمبود امکانات آموزشی پژوهشی عدم وجود صنایع و کارخانجات صنعتی و عدم توسعه بخش آموزش عالی به نحو مقتضی در استان را از مهم ترین دلایل ضعف پژوهش در استان سیستان و بلوچستان دانست
b137602be446d3c78453b3be481d01d1af6351b54a45a8ef11812ae488672eb8	معاون آموزشی وزارت بهداشت با ابراز بی اطلاعی از تصویب این طرح گفت خبر را از طریق روزنامه کیهان دانستم
b222d42507f1de833f37f9be26fc912851c790e22ebfcf1096c4e62247c88335	آموزشی دکتر فرید حسینی استاد دانشگاه علوم پزشکی مشهد در گفت وگو با خبرنگار آموزشی ایسنا در مشهد گفت با ادغام آموزش پزشکی در وزارت بهداشت از نظر آموزشی لطمه های بسیاری خورده ایم مخصوصا در این سال های اخیر وقت روسا و اساتید دانشگاه ها صرف درمان شده است نه آموزش پزشکی
b24145087a7db9be77befc0698397caab53b8b1234f772e7a08ba39e724c7fd3	آموزشی به گزارش سرویس آموزشی ایسنا در این اطلاعیه آمده است که آن دسته از داوطلبان متقاضی شرکت در کد رشته امتحانی مطالعات زنان آزمون ورودی تحصیلات تکمیلی سال که مجاز به انتخاب رشته بوده و مبادرت به انتخاب یکی از کد محل های تحصیلی و کرده اند باید برای انجام مصاحبه در روزهای و تیرماه جاری به گروه مطالعات دانشکده علوم انسانی دانشگاه تربیت مدرس مراجعه نمایند
b2accd0de356d428f170e397660ca96502990f838aa692f7764c307d68ab1769	هفدهمین سمینار روسای دانشگاه های پیام نور کشور از امروز به مدت دو روز با حضور روسای مراکز پیام نور معاونان وزارت علوم و نمایندگان استان در مجلس شورای اسلامی در مجمتمع فرهنگی هنری ارومیه برگزار می شود
b2c57801ca7862f507158360b99900f10efe16ce3502e679b50cff7f07c30c94	پشتکار فراوان وی موجود راه اندازی دوره های جدید فوق لیسانس و
b33a91c29bb2713c05f682f548973c0d28f2af720b4141eb956e4d239ac88816	وی گفت امروزه با وجود اینکه تعداد کثیری از پزشکان جوان در جست وجوی شغل مناسب هستند شاهد هستیم که بار اجرایی بخش های مختلف درمانی وزارت بهداشت با کیفیتی نه چندان مطلوب و با حقوقی بسیار کم برعهده دانشجویان پزشکی است که این امر نارضایتی مردم را هم به دنبال دارد
b3c23f3ae97675be7b098b498799a2890e9e0da7f999852f1d6c1437e059932c	دکتر فروغی در ادامه از ایجاد کارگاه های آموزش مداوم جهت آشنایی هیات های علمی با روش ها و الگوهای تدریس جدید و پویا و همچنین آشنایی آنان با تکنیک های آموزشی جدید به عنوان راهکارهای عملی جهت پویایی ساختار آموزشی یاد کرد
b3d3e581c1c2391910fb1461cd8fdd6dafa8606fbfa1ec7693327f9a12391cc3	آموزشی به گزارش سرویس آموزشی ایسنا از روابط عمومی وزارت علوم تحقیقات و فناوری دکتر معین در این دیدارها با اشاره به اهمیت جایگاه علم در دین اسلام ضرورت گسترش همکاری های علمی و دانشگاهی و فناوری ایران با کشورهای جهان به ویژه کشورهای اسلامی را مورد تاکید قرارداد و گفت توسعه علمی محور اصلی استقلال و تحقق آرمان های ملی و اسلامی است
b41678d9222ccb7ffdebe161e11a54165f916a29e78313879dd33f313c2fff6e	معاون آموزشی دانشگاه ارومیه در پایان گفت رشته کامپیوتر در دانشکده فنی در رشته مرتع و زمین داری در دانشکده کشاورزی از دیگر رشته های مدنظر دانشگاه است
b577fabb3d002244d792ae3cd668b21aacfa178529d176740dc2e0320b787717	گفتنی است این دانشگاه دو سال جاری در رشته تعمیرات مکانیک ماشین افزار گل و گیاه زینتی روابط عمومی امور فرهنگی کتابداری اطلاع رسانی چاپ و نشر گرافیک رایانه مدیریت برنامه ریزی خانواده دانشجوی پودمانی می پذیرد
b7c873ae418ba4c2dba11077b1ba5870a05c5797760f3d370bb23811ef714d89	پس از آن که اساتید نظر خود را منعکس کردند در مورد طرح رای گیری شد و با اختلاف بسیاری کمی درحد یا ر ی این طرح تصویب شد که نشان دهنده استقبال نه چندان زیاد از آن طرح بود
b8b075af702661d5baf609f89b4873bec3c35a91691dcd0ff6acb9c90fe717fc	وی در ادامه افزود از نظر امکانات رفاهی و صنفی تلاش شده است تا همگام با دانشگاه های دیگر کشور امکانات رفاهی برای دانشجویان و اساتید تدارک دیده شود که به طور مثال افتتاح سلف غذاخوری جدید این دانشگاه و همچنین ایجاد شرکت تعاونی مسکن و ساخت هفت ویلا در دهکده عمران زاینده رود برای رفاه اساتید و کارمندان دانشگاه از این نمونه می باشد
b8db7c0098dfa7301806a148b3453d4d44d7eec46ee1a6297f017f08bd603fea	بنابر این گزارش با اضافه شدن این رشته ها تعداد رشته های مقطع کارشناسی ارشد دانشگاه شهید چمران به رشته افزایش می یابد
b9a3db00c693b305e94f3c49d8a58821a5bc5c2872c58fc46090d080d00aea3a	آموزشی دکتر بهرامی رییس دانشگاه علوم پزشکی مشهد در گفت و گو با خبرنگار آموزشی ایسنا در مشهد گفت ما الگوی نمونه ای به جهان ارائه دادیم و جدایی آموزش پزشکی از وزارت بهداشت ظلم مضاعفی است به تمام کسانی که در این سال زحمت کشیده اند ضمن آنکه کسانی که این قانون را تصویب کرده اند هیچ مزیتی برای آن عنوان نکرده اند
b9afa3edd5dbae70b261279cc8b196924d36b958931ca4ec0156f3327d4fc1f6	امیر دانش آشتیانی تصریح کرد در مرحل پژوهشی دانشجویان حداکثر دو سال و نیم مهلت دارند تا رساله دکترای خود را در موضوعات امنیتی و دفاعی ارائه دهند
b9c903a0a52c97b611f5583b4d16d66c99b0b322ae594fd308d7b5cfd8720019	آموزشی هنوز ساعتی از تصویب این طرح نگذشته بود که وزارت بهداشت برعکس وزارت علوم که گویا هیچ اتفاق و مساله ای رخ نداده است در واکنش هایی به نقد این طرح پرداخت و آن را محکوم کرد به نحوی که آن را اشتباهی غیرقابل جبران و به ضرر دولت و مردم ارزیابی نمود
bb244591b8912d9434777b248bdbb869c6aa3ab7c55be8f7486e45c6b7d8bd68	دکتر پورکاظمی گفت در سال گذشته از بین کل شرکت کنندگان آزمون سراسری هزار و نفر به عنوان پذیرفته شدگان نهایی معرفی شدند که از این تعداد هزار و نفر از گروه ریاضی هزار و نفر گروه تجربی هزار و نفر از گروه انسانی نفر از گروه هنر پذیرفته شدند و امسال نیز انتظار می رود ظرفیت پذیرش همانند سال گذشته باشد البته دانشگاه ها هنوز ظرفیت های خود را اعلام نکرده اند
bc9aa082be6e97c7420899f3b4a1b706bd6ece0bd746cef26eff70c89d0d9988	آموزشی به گزارش سرویس آموزشی ایسنا سازمان سنجش آموزش کشور در اطلاعیه ای اعلام کرد به منظور فراهم آوردن تسهیلات لازم برای داوطلبان شرکت کننده در آزمون عمومی و اختصاصی آزمون سراسری سال و دسترسی سریع به دفترچه های سوالات آزمون گروه های آزمایشی علوم ریاضی و فنی علوم تجربی علوم انسانی هنر و زبان های خارجی سوالات عمومی و اختصاصی داوطلبان گروه های آزمایشی پنج گانه آزمون سراسری سال به همراه کلید تصحیح آنها درسایت اینترنت به آدرس
bdb92f2d1b5b30de5f4ee29a22c54f960dd219a59f3f91718dfdf7b5f8b5bad5	به گفت وی گروه کامپیوتر شامل رشته های نرم افزار کامپیوتر نرم افزار سیستم سخت افزار سیستم تعمیرات سخت افزار کامپیوتر و گروه علوم هتل داری شامل رشت های خدمات مسافرتی جهان گردی اقامتی و پذیرایی است
bddd67c45eceb8ac172bd1077106761e990d1b2ddb805937e183338d5f998acf	آموزشی به گزارش خبرنگار آموزشی ایسنا استاد صدر الدین محسنی اردهالی بیست و پنجم اسفند سال هجری شمسی در تهران به دنیا آمد
bf3f4daede5c170d7c8b99f9df9601b098098d15538c179411551392feb5019e	این استاد دانشگاه آزاد اسلامی تصریح کرد آنچه که در شیوه های سیاسی فرهنگی و آموزشی جامعه ما مد نظر هست عدم شیوه های اغنایی است عدم آزادی های روش مند و سیستماتیکی که هم استاد و هم دانشجو بتواند در یک فضای متعادل با هم بحث و گفت و گو کنند در فضایی که نه استاد جریحه دار شود و نه دانشجو
bff1e6fcb9d9031efb8cc649523caab4d291bcb920879f92adb2399cafd74917	درمورد علوم ریاضی نیز سئوالات به گونه ای طراحی شده است که بیشتر قدرت تجزیه و تحلیل دانش آموز سنجیده می شود همچنین برای محصلان تیزهوش آزمون های اختصاصی در نظر گرفته شده است
c267b9e8b5c77bfb0cefe1053b637651b4d41bd1ba2f78238d329f6c58185c63	وی از یادگیری سطحی و عدم تخصص و همچنین عدم توانایی و کارایی لازم دانشجویان در رشته های تحصیلی خود به عنوان پیامدهای سیستم آموزشی کنونی کشور یاد کرد و افزود متاسفانه روش تدریس و ساختار آموزشی کشور خود عامل مهمی در بی انگیزگی و عدم پرسش گری در دانشجویان می باشد و بخشی از سالت دانشگاه ها که کمک به رشد اجتماعی و شخصیتی دانشجویان است به علت عدم استفاده از روش های فعال و مشارکت دانشجویان در مباحث علمی و درسی به خوبی ایفا نمی گردد
c290ae2b3ac078f6136f0d0a9b26122d912514b2ae457e389e644568f8ae5280	گفتنی است متقاضیان می توانند به منظور دریافت دفترچه های موردنظر از ساعت روز سه شنبه به محل های فوق الذکر مراجعه و با پرداخت مبلغ ریال به ازای هر جلد دفترچه آزمون عمومی و مبلغ ریال به ازای کلیه دفترچه آزمون اختصاصی یک گروه آزمایشی دفترچه و یا دفترچه های آزمون از مسوولان ذیربط دریافت نمایند
c7d20471b11a0302696a08407d9a9309f5e3c7432c8d48b2b28d3b331267476b	معاون پژوهشی دانشگاه آزاد اسلامی زاهدان با اشاره به ضرورت ایجاد امکانات و انگیز پژوهشی و توجه به نتیجه های امور پژوهشی اولین گام در ایجاد امکانات را استفاده از دانشگاه ها و موسسات علمی جهت پژوهش دانست و گفت متاسفانه در کشور ما بین صنعت و دانشگاه رابطه مشخصی وجود ندارد دانشگاه در زمینه های صنعتی علاقمندی چندانی نشان نداده و از طرفی صنعت نیز با دانشگاه ارتباطی پیدا نکرده و دلیل آن نیز نداشتن الگو و راه مشخص در زمینه صنعت می تواند باشد و دانشگاه ها نیز بیشتر به تحقیقات تئوریکی جهت درج در مقالات علمی و کسب امتیاز جهت ترفیع اهمیت می دهند
c8c55437ef261f62da0a1ca1cd81041618c5889e8b84e301fe3f812d56c8abb7	وی اظهار داشت که در این راستا سیستم آموزشی پزشکی کشور باید به سمت پزشکی جامعه نگر پیش برود بسیاری از بیماری های بومی کشورهای صنعتی که در کتب مرجع آورده شده در ایران اصلا دیده نمی شود و باید فقط جنبه اطلاعی آن در آموزش مطرح شود و به جای آن دانشگاه ها باید بر آموزش بیماری های شایع و بومی کشور متمرکز شوند
cd2b0bd149d24a374a9cc187b602efb4b5b298fb79abd087d33b21599bdb7da2	وی افزود اگر این افت کیفیت در وزارت خانه های علوم و آموزش و پرورش هم به چشم خورد باید به دنبال دلایل اجتماعی این امر بگردیم که با الحاق مجدد آموزش پزشکی به وزارت علوم مرتفع نخواهد شد
cd50ad4314414d83e71e381d9d8cdb859b8e59bfaf612ff0e2fe398c9baac403	نقی زاده خویی مخبر کمیسیون آموزش و تحقیقات مجلس در سخنانی گفت بهترین کار در شرایط فعلی توقف لایحه و ارزیابی مجدد آن در کمیسیون می باشد چرا که هدف انتخاب راه پایدار است نه راهی که عده ای در آینده به آن باز گردند
d052632a476cadb3970869276ceded2c5becaceb403f852a88d1b9b22d300212	وی با ابراز خوشحالی از حمایت دانشجویان از طرح ادغام گفت حرف هایی که امروز از زبان دانشجویان حاضر شنیدیم نشان داد که مجلس در این تصمیم گیری تنها نیست
d06bf60ac7d50b3303b907b584baeaac82372fb41d8225b548e84b9a81cdcb1c	همچنین قرار است رشته فیلم سازی یا گرایش های نقاشی متحرک عکاسی و فیلمبرداری کمک کارگردانی تدوین فیلم طراحی صحنه آواز ایرانی گریم و ماکس نقاشی ایرانی آواز جهانی ساز ایرانی و ساز جهانی که به تصویب رسیده به تعداد رشته های آموزشی پودمانی اضافه شود
d1fc7cd75b00118557552076beb0ca2618299a9a13477c71edc87010dfb1fae5	دکتر بهرامی تصریح کرد که آقایان یک مرتبه می آیند و تغییراتی را می دهند خوب تکلیف ساختمان ها زمین ها و دارایی هایی که باید تقسیم شوند چه می شود زمانی که از وزارت علوم سال جدا شدیم اکثر دانشگاه ها تا چندین سال بر تقسیم امکانات مشکل داشتند و ما هنوز هم با دانشگاه فردوسی سر تقسیم زمین های پردیس اختلاف داریم و قرار است این کمشکش ها دوباره از سر گرفته شود تنها تغییر تابلوهای سردر دانشگاه ها و بیمارستان ها و سربرگ ها چندین میلیارد تومان هزین بی نتیجه دارد
d2d17355ae6bdc1c25bbfd951b41f8de42e39332b7439eb0d9faa98bb971c22c	آموزشی به گزارش سرویس آموزشی ایسنا وی می افزاید امروزه زبان جدید بین المللی زبان انگلیسی نیست بلکه زبان و رایانه های این عصر نوین است
d3b8d5ef8315067c39c9616e9a70067d3d0fc7b0b4194559c35e8611850fd0e3	آموزشی وی در گفت وگو با خبرنگار آموزشی ایسنا اظهار داشت که اگرچه من با انتزاع اول مخالف بودم اما آن مخالفت بر اساس اصول کارشناسی نبود اما پس از گذشت سال از انقلاب اسلامی در شان مجلس شورای اسلامی و نمایندگان محترم آن نیست که چنین طرح تعیین کننده ای را بدون کارشناسی همه جانبه و گسترده تصویب کنند
d3e076f6d64200b197f5be50752d29d0b0d8309055cfb3dd509c3311c2c46f53	دکتر فروغی در پایان تصریح کرد در زمینه پژوهشی نیز این دانشگاه تلاش ها و اقداماتی تاکنون جهت حمایت از پژوهشگران انجام داده به طوری که دانشجویان رشته دانداپزشکی این دانشگاه در سال در مقایسه با دانشکده دندانپزشکی کشور در امتحان جامع علوم پایه توانست مقام اول کشور را کسب کند
d4f423cdf18fa2e3abc7e0c99769d6ac545865853e4dc6e4f10aa94beab85617	سلامت مردم را نمی توان با تجربه و خطا به خطر انداخت دکتر مرندی وزیر اسبق بهداشت که در دوره ایشان آموزش پزشکی از وزارت علوم جدا شد نیز با تعجب از تصویب ناگهانی این طرح گفت نمایندگان مجلس در این دوره با سلامت و جان مردم سروکار دارند و مساله بسیار حساسی است این کار احتیاج به فرصت بیشتری دارد
d57e350d27dcc652bcdd699570934fe381f5ded03e477ab1cf5498ed51f7c7b0	رییس دانشکده پزشکی دانشگاه علوم پزشکی همدان در پایان خاطرنشان کرد که وزارت بهداشت در راستای سیستم مدیریت بهینه باید در انتصاب مدیران کلان دانشگاه ها اصل مشارکت را سرلوحه کار قرار دهد و با نظرخواهی از اساتید دانشگاه ها فرد اصلح را انتخاب نماید تا بتوان زمینه را برای حاکمیت اندیشه های علمی کارشناسی و مدیریتی در عمل با مشارکت کلیه اعضا هیات علمی فراهم آورد البته لحاظ نمودن مخاطب یعنی دانشجو نیز می بایست مد نظر قرار گیرد
d64780d1c65dffd741ad94039de8fe24e38ed1c485878a66f798c68581b44185	البته به منظور دستیابی به این اهداف مسوولان موظفند تغییراتی در سیستم های آموزش اعمال کنند
d72ee1d9f52efb16ca5fb0778fc21719518ee5ded42dacd5c3a1f0f698b74b19	وی ارتقای کیفیت آموزش پزشکی و درمان را از اهداف ارایه چنین طرحی عنوان کرد و افزود تجرب ساله گذشته نشان داد که پیشرفت و توسعه علمی و پژوهشی علوم پزشکی کشور در قالب ساختار کنونی وزارت بهداشت و درمان و آموزش پزشکی بسیار مشکل و یا غیرممکن است
d8801875a5407f20d98cb6b2bd837ce80304d2950439e5532d1dac31750683f6	آموزشی به گزارش خبرنگار آموزشی ایسنا این آزمون در اسفند سال در دانشگاه علوم پزشکی تهران برگزار شد و دانشکده داروسازی دانشگاه تهران موفق به کسب رتب ششم کشوری گردید
d9aed6e4aaf621202d4e3d9ec90d350b043adc5c1f4fdc30d15c765aec3312a5	همچنین مصاحبه داوطلبان در زمینه های توان تحلیل علمی قضایای مرتبط با رشته مطالعات علمی و پژوهشی و آشنایی با حوزه مطالعات و منابع رشته و همچنین مشارکت در کارها و پروژه های تحقیقی معدل دوره کارشناسی و ارتباط رشته کارشناسی با رشته فعلی خواهد بود
d9ea832d9d759a26bd6ffa4886df406090cd1243e09a7775b7d9bea3e8797374	طرح های تحقیقاتی متعددی را با سازمان بهداشت جهانی به انجام رسانید و صدها دانشجو تربیت و به جامعه علمی کشور تقدیم نمود وی دانشمندی فرهیخته فروتن دلسوز متعهد و مسئولیت پذیر بود
da403014833a7a69c7a31d6e5722851aa83df6e939eae89c5d31800eb4c9198b	مجموعه ای از علم و اخلاق و عمل از ایشان فردی استثنایی ساخت و این امر موجب معرفی ایشان به عنوان استاد نمونه در چند دوره گردید
dbb2817a59a5f72a98ae3f792ec53c604c426878d6d5ed3050f31ec3cbf84dfc	این در حالی است که پیر موذن عضو کمیسیون بهداشت و درمان مجلس شورای اسلامی در این باره می گوید با طرح الحاق دیوار بین دانشکده ها برداشته می شود
dc9edd3881b6a17bd678f245736b29b05de2f3100883fe68683ea88d71eba361	آموزشی به گزارش سرویس آموزشی ایسنا این شورا به استناد نامه دکتر مصطفی معین وزیر علوم تحقیقات و فناوری موافقت قطعی خود را با ایجاد رشته های کارشناسی ارشد تاریخ ایران اسلام در گروه تاریخ و میکروبیولوژی در گروه زیست شناسی دانشگاه شهید چمران اعلام کرد
dd1edbabe3ed4ab301c1c9271644b9a2898b06a6f9ee4dcaf6a5180c8c31538a	آموزشی دکتر محمد حسین پور کاظمی معاون فنی پژوهشی سازمان سنجش آموزش کشور با بیان این مطلب به خبرنگار آموزشی ایسنا گفت ظرفیت پذیرش دانشگاه ها در آزمون امسال به علت پایین بودن بودجه افزایش نخواهد یافت
ddd51db079f7758a8409e42f4803714c50f19b4633fc5d3f8f4692d2df1c5fad	آموزشی دکتر طباطبایی معاون پژوهشی دانشگاه آزاد اسلامی زاهدان در گفت وگو با خبرنگار آموزشی ایسنا در زاهدان گفت دلیل روی آوردن بیشتر استادان به تدریس تامین مسایل مالی است حتی پذیرش برخی پست ها نیز در همین راستاست و این باعث می شود که هر چه بیشتر از امر پژوهش فاصله بگیرند
ddd7b4f4d81b099091107b3049f92b0064a061fd9bff8d0138bce0c41e299a09	آموزشی به گزارش سرویس آموزشی ایسنا اعضای حزب محافظه کار انگلیس هنوز مطمئن نیستند که تغییرات انجام شده سیستم های آموزشی مدارس اهداف کیفی آنان را تامین می کند یا خیر
df9e7ffbfaa5a1dd017eea19b5c776ba875d68009840471ed82cfc484c4cb53d	وی افزود ظرفیت پذیرش دانشگاه ها در رشته های مختلف از طریق دفترچه شماره به داوطلبان اعلام خواهد شد
dfedaf8b58a6fae9e2152de8c8e94c6b21380dad36859bd684a4f6505458ff4b	آموزشی به گزارش خبرنگار آموزشی ایسنا در این آزمون دو روزه که صبح امروز در محل جدید دانشگاه عالی دفاع ملی برگزار شد نفر از فرماندهان ارشد نیروهای مسلح و مدیران عالی پست های امنیتی دفاعی سازمان های دولتی شرکت داشتند
e1dac50ff9fe022c0e121ed25a35bb536f996fcb4d5bd71dc13959fc91710d26	دکتر مقدس در پایان اظهار داشت اسامی پذیرفته شدگان نهایی از طریق سازمان سنجش آموزش کشور اعلام خواهد شد
e22ad74f26c45004621a65f8904a728b5811b56ae117ab6f7a899ddee21064e0	در آزمون امسال بیش از رشته شهر اضافه شده است به عنوان نمونه رشته شیمی در واحد ابهر وجود نداشت که امسال دایر شد و ظرفیت پذیر ش نیز در آزمون امسال هزار نفر افزایش یافته است
e22d8f7dbb62e01b9f358df28b1c351035292f11cee8c97654cceecd5f31febe	وی در ادامه خاطرنشان ساخت داوطلبان در هنگام مراجعه باید مدارک و مقاله های علمی خود را به همراه داشته باشند
e251b59b3e61d8fd57aa6ae2d82e6903179ca8714d06bf1445dcde66c7e0a00d	آموزشی به گزارش سرویس آموزشی ایسنا تعاریف و مفاهیم مرتبط با پروژه و مدیریت پروژه ویژگی های پروژه تحقیقاتی اصول و مبانی مدیریت و پروژه تحقیقاتی برنامه ریزی و کنترل پروژه تحقیقاتی سازماندهی و هدایت پروژه تحقیقاتی و اعضای پروژه تدوین گزارش و مقال تحقیقاتی آشنایی با شیوه ارزیابی و انتخاب پروژه و یا زمینه تحقیقاتی آشنایی با شیوه تنظیم پروژه تحقیقاتی و دفاع از آن از عناوین مورد بحث در این کارگاه پژوهشی است
e2ee4ee3173b3dd9bf5245d83151b7783923b9da81c9f5fa6414a8d71b0ee42a	زیرا سلامت مردم را نمی توان با تجربه و خطا به خطر انداخت
e46bfecafc87e981a8bf367885d7ddf65ac048e9eb1d5709caee3cda6aed742a	عضو شواری عالی برنامه ریزی علوم پزشکی کشور ضمن اشاره به مشکلات اجرایی این طرح تصریح کرد در بسیاری از شهرستان ها بیمارستان های درمانی وابسته به دانشکد پزشکی هستند در صورت اجرای این طرح اگر این بیمارستان به وزارت بهداشت تعلق گیرد دانشکده های پزشکی فاقد بیمارستان جهت آموزش عملی خواهند بود و اگر به وزارت علوم منتقل شوند وزارت بهداشت که متولی درمان و سلامت مردم است ابزار لازم ا در اختیار نخواهد داشت
e47634503fb428d568585807e1a363fc300ef654721ddac1113521c10cfc2718	شرکت تعاونی خدمات آموزشی کارکنان سازمان سنجش آموزش کشور خیابان کریم خان زند خیابان سنایی بالاتر از میدان سنایی خیابان سیزدهم پلاک طبق دوم
e7e7aac26a8ed64f0cbc8e0e60c55b91897d222c2b370a9d43b8799eba4702e7	همچنین وزارت بهداشت در آخرین وقت اداری همان روز با صدور بیانیه ای ادغام آموزش پزشکی با وزارت علوم را اقدامی شتاب زده ارزیابی کرد و از نمایندگان مجلس خواست تا تعمق و تامل بیشتری نسبت به تصمیم خود داشته باشند
e81b144713197897600a4f50d9c3da8d46a5ae8e537fed1ec737c12f554ad2f7	یادآور می شود در این آزمون کشوری دانشکده داروسازی شیراز رتبه اول دانشکده داروسازی اهواز رتبه دوم و دانشکده داروسازی مشهد رتبه سوم را کسب کرده اند
e9b5943b92e410de119626513e246e95fa8b570f4f1d9f2ba068b2fb8ea9b1ef	در خاتمه اضافه می نماید که کلید تصحیح سوالات عمومی و اختصاصی آزمون فوق الذکر در روز دوشنبه نیز در نشری پیک سنجش همین نشریه منتشر شده است
ea1eea886843e88b188615d36117a5b7dc42fe05e695bd0e15f44f3ab789a5ee	در رشته میکروبیولوژی ایمنوپروتوزولوژی از دانشکده طب گرمسیری دانشگاه لندن به ایران مراجعت و به عنوان استادیار در دانشکده پزشکی شیراز شروع به کار نمود در سال با توجه به سوابق علمی به درجه استادی نائل آمد
ea90021b18be4578b714b99bd6a691c5f85779c3aa975597799fe7466e8832c2	آموزشی به گزارش سرویس آموزشی ایسنا از کمیته ارتقای کیفیت دانشگاه علوم پزشکی تهران این کارگاه آموزشی که بنا به دعوت و با حضور معاونت توسعه مدیریت منابع و امور مجلس و مدیران کل وزارت متبوع در مشهد مقدس تشکیل شد تکنیک ها و ابزارهای در قالب گام تعریف و طبقه بندی مشکل با فرصت تعیین اهداف و معیارها ایجاد راه حل های متعدد انتخاب گزینه های مختلف و تحلیل بهترین آنها برنامه ریزی برای پیاده سازی تصمیم گرفته شده و کنترل با محوریت حل مشکل و تصمیم گیری آموزش داده شد
eaa700802da95584cb6ff513bf3a105f8cc2b73be4f0ca40be4c9b40ca4195d6	آموزشی به گزارش سرویس آموزشی ایسنا از روابط عمومی وزارت بهداشت درمان و آموزش پزشکی دکتر حسین جزایری در این نامه ها با یادآوری این مطلب که جمهوری اسلامی ایران برای مدت سال انرژی تجربه و منابع خود را در جهت توسعه ادغام آموزش پزشکی و مراقبت های بهداشتی سرمایه گذاری کرده آورده است پروفسور هنری ای والتون رییس سابق فدراسیون جهانی آموزش پزشکی از سیستم ادغام ایران به عنوان آموزش پزشکی قن یاد کرد و کشورهای دیگر را برای پیروی از سیستم ادغام آموزش پزشکی در وزارت بهداشت و درمان ایران تشویق کرده است
eba135e3c8b6402c52787bbbbcb2f67e8e54cf868f256e8bd8edd95ecfd9492a	در این راستا ابتدا باید سیستم آموزشی دبیرستان متحول شود و کمی از بار محفوظات دانش آموزان کاسته شود تا در آینده که وارد دانشگاه می شوند به پژوهشگری روی آورنند
ec53bdab59395492f2cfbfc60531acabed5230291d0abc78f091f5c505270b06	اسامی این دانشجویان برگزیده این دانشکده عبارتند از روزبه اسکندری حائز رتبه اول کشوری و رتبه اول دانشکده محمد جعفر زمانی رتبه اول کشوری رتبه اول دانشکده سوگل کنگرلو رتبه دوم کشوری رتبه دوم دانشکده آزاده منائی رتبه هفتم کشوری رتبه سوم دانشکده محسن ابراهیمی رتبه هشتم کشوری رتبه چهارم دانشکده مهسا میرطاهری رتبه هشتم کشوری رتبه چهارم دانشکده رجا هادیان رتبه نهم کشوری رتبه پنجم دانشکده احمد شفیعی رتبه دهم کشوری رتبه ششم دانشکده نیما ظریف پور رتبه دهم کشوری رتبه ششم دانشکده و طاهره شهرکی رتبه دهم کشوری رتبه ششم دانشکده
ed15962bc575c3f57f8bfdd9c7cc3e1a003537ffe0f111f9ce16c15c56ac8ac9	آموزشی دکتر ظهور رییس دانشگاه پیام نور در هفدهمین سمینار روسای دانشگاه های پیام نور کشور در ارومیه افزود واحد جدید در استان های همدان اصفهان گیلان کرمان خراسان خوزستان یزد هرمزگان کهکیلویه و بویراحمد درصورت احراز شرایط اقدام به پذیرش دانشجو خواهند کرد
ed2fd74da5d6d3b757ec2c0ee8138a06502742f40fd4e0327bd56fe65f43709e	این آزمون ها به گونه ای تهیه شده اند که توجه هر دانش آموز را به مطلب مورد امتحان بیشتر می کند و بدین ترتیب بهتر و آشکارتر میزان خود را در هر زمینه بروز می دهد
eddeba25af6869b9adac11aaf26770813ad6bcebb54658744b09454f8964d659	دکتر فریدحسینی در پایان یادآورشد درباره این طرح بایستی از همه اساتید دانشگاه نظرخواهی شود تا طرح جامع ارایه گردد
ee1d97262a00c3e345d828cc633a0c46b131a0ddfb9160bc3143ec88e071557b	دکتر پور کاظمی در پایان خاطرنشان کرد که آمار دقیق داوطلبانی که مجاز به انتخاب رشته هستند و همچنین پذیرفته شدگان نهایی در گروه ها و دوره های مختلف اعم از روزانه شبانه پیام نور از طریق سازمان بخش اعلام خواهد شد
eee84c1c30c74b3cf790d62161b11c181060386d447329016d099c681f5c1cf5	گفتنی است در حال حاضر دانشجو در رشته کاردانی هزار و دانشجو در رشته کارشناسی دانشجو در رشته کارشناسی ارشد و دانشجو در رشته دکتری تخصصی و حرفه ای دامپزشکی در این دانشگاه مشغول به تحصیل هستند
f05bd7a4f6c2066354dd8167bd3e9041695a984831d18cfb6b94cdd103d955ec	مسعودی با توجه به بحث مدیریت دانشگاه گفت بحث اساسی که در دانشگاه های ایران وجود دارد نبود یک مدیریت علمی است کسی که رییس یک دانشکده می شود از نقطه نظر علمی باید به درجه استادی رسیده باشد و بالطبع این موضوع باعث می شود که اساتید نیز به سوی پژوهش از طرف مدیریت خوانده شوند
f144633060c5f5949c366dd14b3b6475763c85a73d5f85327e860de88d7b40fd	ما توانستیم بازآموزی برای جامعه پزشکی را اجباری کنیم یعنی دانشجویی که فارغ التحصیل می شود را هم رها نکردیم و این نکته مثبتی است که باید به آن افتخار کرد در کشورهای مدیترانه شرقی ما از نظر بازآموزی پزشکان نفر اول بودیم
f29f75149d9312448398a0b44a40a71aed43fc605c2cd02f819fcde0c507a813	وی تصریح کرد که در بحث آموزش پزشکی دیگر چیزی نداریم که از دست بدهیم تا نگران آن باشیم
f2f8dbdf5c4c93b6f4841f3d299396b9496da992b36f6687ffd939c1c3eff921	آموزشی به گزارش خبرنگار آموزشی ایسنا مریم السادات امیرشاکری امروز پس از دفاع از رساله خود که با راهنمایی دکتر قاسم افتخاری و مشاوره مستقیمی تهیه کرده است با کسب نمره فارغ التحصیل شد
f32727eeda0bc3569ec902f899ac2fcef511e5ff1dcb181260c03def474bb156	آنها باید از ادبیات رایانه ای مطلع باشند تا از این طریق بتوانند دانش را به راحتی مبادله کنند هم اکنون تجارت و حکومت بر پایه تکنولوژی و علوم رایانه ای است
f335b61dc5c510e300a90047ef66618ca3cec7e131d301be8afd566d7a45b8a3	آموزشی دکتر عبدالحسین مسعودی عضو هیات علمی دانشگاه پیام نور مشهد در گفت و گو با خبرنگار آموزشی ایسنا دربیان موانع موجود بر تحقق توسعه علمی افزود برای توسعه و ارتقای کشور باید به دانش دنیا منطق شده و به دور از تنش های سیاسی به توسعه نگاه کنیم
f57c2abfe8fafcdc86e97400f23f19be000bd3001809d3715e8d96543b18afa6	آزمون غیرپزشکی در گروه های فنی و مهندسی علوم انسانی تجربی و کشاورزی و هنر برگزار می شود که بیشترین شرکت کننده در رشت فنی و مهندسی است
f59bcb92b92f5599b113a22e83dd194042b73d16d85fcf48b0dc348ef37d2975	وی خاطر نشان کرد دانشگاه ها باید مانند همه دانشگاه های دنیا مستقل باشند زیرا وابستگی به دولت باعث افت آموزشی می شود
f5de4e814987aa6f87e005d3260361fba32da816ec649812951167d74d6c6e7b	سئوالات آزمون امسال همانند سال گذشته تستی است که هر جواب صحیح نمره و هر جواب غلط نمر منفی دارد سوالات از متون درسی سه سال دبیرستان به اضاف دور پیش دانشگاهی طرح می شود
f6ce112850fd3c2752ef045aa3ea53f225cb2bc1afc22575d5509944c82e1767	معاون فنی پژوهشی سازمان سنجش اظهار داشت درصد از کل داوطلبان سال شرکت کنندگان خارجی بودند که بزرگترین گروه متقاضی از کشورهای دبی و کویت با حدود داوطلب در این آزمون شرکت کردند که الی نفر از این تعداد در آزمون پذیرفته می شوند
f7373c87ad47247e5615027f61e4711bb13bfc9a462d9c8c1e68e0beb70ea0f2	علیرضا نوری رییس کمیسیونی که یکی از اعضایش طرح ادغام را مطرح کرده بود این طرح را مغایر اصلی قانون اساسی ارزیابی کرد و اظهار داشت که راه ارتقای کیفیت آموزش تحقیقات و درمان از مسیر ادغام با وزارت علوم نمی گذرد بلکه تنها راه ممکن استقلال دانشگاههاست
f8e17e84543a0834fd617e65c34282af5180bead29447c622d867603e97df5b6	براساس گزارش شبک خبری بی بی سی برخورداری از دانش فناوری و توانایی استفاده از آن و جابه جایی علوم و اطلاعات از این طریق وظیف اصلی هر محصل است
fad8fa11fd1921335029e20c602e7d0125cd3664ffac14a494e63a6244f483a8	در دسترس داوطلبان قرار دارد
fb3ca88169d7a751f88da37907d9e181f0782326d3d6a1a549324e86c6c5558d	رییس دانشگاه علمی کاربردی تاکید کرد این دانشگاه جهت استاندارد کردن امر آموزش و پس از بررسی شرایط متقاضیان و تایید صلاحیت تدریس آنها کارت مدرسی علمی کاربردی را برای آنها صادر خواهد کرد
fb9e43cf223c5124acb672c08461446c37846ffce7ab755c1f57bf32ecbab89b	دکتر علوی با اشاره به رفتار امام جعفر صادق ع در برابر مخالفان و شکاکان گفت این شخصیت بزرگوار همیشه با مخالفین و شکاکان به بحث می نشست و به افراد اجازه می داد در یک فضای آزاد و امنیت خاطر مطالب خود را ولو به ناحق مطرح کنند و از طریق شیوه عقلایی و اغنایی و ایمان و عقیده عمیقی که در این مکتب وجود داشت افراد سعی می کردند که در گفت و گوی مستمر و سازنده و عقلایی از طریق روش های اغنایی قانع شوند
fd04328de508e18e3865c87dab73697d8a7fd645d4cfde040bf5f5793abdca2c	وی در مورد نقش فعالیت های سیاسی و تاثیر آنها در فعالیت پژوهشی دانشگاه ها اظهار داشت سیاست نیز به عنوان یک فاکتور می تواند در امر پژوهش تاثیر بگذارد
fd5b57689b543ee833e771201732146080c8ee172db1c9e62bf840c0b46e8156	وی نداشتن انجمن صنفی را یکی از مشکلات عمده اساتید ذکر کرد و گفت ما یک انجمنی نیاز داریم تا در شرایط مختلف بتواند از ما حمایت کند
